timestamp,iso_time,steering_angle_deg,angle_change_deg,cumulative_change_deg,message_count,raw_data_hex,inter_message_interval_ms,can_bus_load_percent,message_rate_hz,signal_quality_score,angle_velocity_deg_s,steering_direction
1761218098.878217,2025-10-23T12:14:58.878217,27.200000000000003,0.0,0.0,1,100100079E,,100.0,,,,
1761218100.368027,2025-10-23T12:15:00.368027,24.200000000000003,-3.0,-3.0,150,F2000507C3,10.048866271972656,100.0,100.07000097820044,99.69716984769133,-6.12367347057959,RIGHT
1761218100.447958,2025-10-23T12:15:00.447958,21.200000000000003,-3.0,-6.0,158,D40007072B,9.721040725708008,100.0,99.87817365255202,99.56158222740811,-12.043716838450507,RIGHT
1761218100.527925,2025-10-23T12:15:00.527925,18.0,-3.200000000000003,-9.200000000000003,166,B400090723,9.686946868896484,100.0,99.97196983420253,99.74033321157907,-18.580224667467615,RIGHT
1761218100.578247,2025-10-23T12:15:00.578247,14.600000000000001,-3.3999999999999986,-12.600000000000001,171,92000D0798,10.437965393066406,100.0,99.96005700694474,99.65955578059675,-25.69016016905032,RIGHT
1761218100.618226,2025-10-23T12:15:00.618226,11.600000000000001,-3.0,-15.600000000000001,175,74000F077C,10.331153869628906,100.0,100.01201774047404,99.72374731406204,-31.81465957741651,RIGHT
1761218100.66818,2025-10-23T12:15:00.668180,8.3,-3.3000000000000007,-18.900000000000002,180,53000F07F1,9.905099868774414,100.0,99.6304865244925,99.33891090347169,-38.3702400034257,RIGHT
1761218101.287994,2025-10-23T12:15:01.287994,11.600000000000001,3.3000000000000007,-15.600000000000001,242,740009072F,9.66191291809082,100.0,99.92409749636091,99.73181706126908,11.23173617971423,LEFT
1761218101.347906,2025-10-23T12:15:01.347906,15.0,3.3999999999999986,-12.200000000000003,248,96000B0765,9.573221206665039,100.0,99.92290722661369,99.67800252524253,18.173203932651276,LEFT
1761218101.398376,2025-10-23T12:15:01.398376,18.2,3.1999999999999993,-9.000000000000004,253,B6000D07DA,10.49494743347168,100.0,99.97006359103433,99.77420668922451,24.66277273652797,LEFT
1761218103.318435,2025-10-23T12:15:03.318435,15.100000000000001,-3.099999999999998,-12.100000000000001,445,970001072A,10.429859161376953,100.0,99.96601306566438,99.71861840163538,-2.242595533313011,RIGHT
1761218104.188179,2025-10-23T12:15:04.188179,12.100000000000001,-3.0,-15.100000000000001,532,7900010791,9.829998016357422,100.0,100.01607199490655,99.73046095490567,-2.654236408624059,RIGHT
1761218104.418201,2025-10-23T12:15:04.418201,9.0,-3.1000000000000014,-18.200000000000003,555,5A00040748,10.113000869750977,100.0,100.09316533027874,99.62439994287504,-8.771929060021947,RIGHT
1761218104.53814,2025-10-23T12:15:04.538140,5.9,-3.0999999999999996,-21.300000000000004,567,3B000607D4,10.190963745117188,100.0,100.22854466466256,99.58309542216537,-14.893277590102416,RIGHT
1761218104.69813,2025-10-23T12:15:04.698130,2.9000000000000004,-3.0,-24.300000000000004,583,1D000407B4,10.187864303588867,100.0,100.2014873849403,99.49004979576432,-18.162566803289856,RIGHT
1761218105.03845,2025-10-23T12:15:05.038450,-0.2,-3.1000000000000005,-27.400000000000006,617,FEFF030736,10.432004928588867,100.0,99.90505658256099,99.56591864244267,-12.029349863501668,RIGHT
1761218106.228072,2025-10-23T12:15:06.228072,-3.3000000000000003,-3.1,-30.500000000000007,736,DFFF0207AD,9.641885757446289,100.0,99.93409688187235,99.68673842707325,-3.0634125724714076,RIGHT
1761218107.598397,2025-10-23T12:15:07.598397,-6.300000000000001,-3.0000000000000004,-33.50000000000001,873,C1FF0007C6,10.107994079589844,100.0,100.02799817797207,99.77763434186244,-1.8359815802324073,RIGHT
1761218112.958594,2025-10-23T12:15:12.958594,-9.5,-3.1999999999999993,-36.7,1409,A1FF05077E,10.461091995239258,100.0,99.90696034738615,99.6800788523931,-7.347163851132716,RIGHT
1761218113.048301,2025-10-23T12:15:13.048301,-12.700000000000001,-3.200000000000001,-39.900000000000006,1418,81FF080717,9.883880615234375,100.0,99.83229200138051,99.5829214721938,-13.882738516219256,RIGHT
1761218113.138472,2025-10-23T12:15:13.138472,-15.9,-3.1999999999999993,-43.10000000000001,1427,61FF080780,10.157108306884766,100.0,99.94505088631061,99.75403120601345,-19.993471992528747,RIGHT
1761218113.218464,2025-10-23T12:15:13.218464,-18.900000000000002,-3.0000000000000018,-46.10000000000001,1435,43FF090718,10.116815567016602,100.0,99.98221713686368,99.8446725358098,-26.522662191577595,RIGHT
1761218113.318478,2025-10-23T12:15:13.318478,-22.0,-3.099999999999998,-49.2,1445,24FF070742,10.223150253295898,100.0,99.98579227156786,99.66749909413944,-31.812447624391158,RIGHT
1761218113.438498,2025-10-23T12:15:13.438498,-25.0,-3.0,-52.2,1457,06FF06079E,10.406970977783203,100.0,100.08408935806699,99.462426497996,-32.22089481412332,RIGHT
1761218113.518587,2025-10-23T12:15:13.518587,-28.0,-3.0,-55.2,1465,E8FE0807E6,10.285139083862305,100.0,99.9138621031368,99.40505751170893,-32.82444887753396,RIGHT
1761218113.598584,2025-10-23T12:15:13.598584,-31.0,-3.0,-58.2,1473,CAFE08076E,10.453939437866211,100.0,100.03014519298647,99.4306399500308,-33.02933890986407,RIGHT
1761218113.678611,2025-10-23T12:15:13.678611,-34.0,-3.0,-61.2,1481,ACFE0907F6,10.23411750793457,100.0,99.49459271611937,98.93920371030956,-33.027187607998144,RIGHT
1761218113.758362,2025-10-23T12:15:13.758362,-37.300000000000004,-3.3000000000000043,-64.5,1489,8BFE0A071E,9.943962097167969,100.0,100.10200404293047,99.49502979779234,-33.682744885607875,RIGHT
1761218113.838144,2025-10-23T12:15:13.838144,-40.400000000000006,-3.1000000000000014,-67.6,1497,6CFE090736,10.003089904785156,100.0,100.43975727620608,99.18177441816738,-36.32926979047753,RIGHT
1761218113.928368,2025-10-23T12:15:13.928368,-43.5,-3.0999999999999943,-70.69999999999999,1506,4DFE08078F,9.965181350708008,100.0,99.77339711643906,99.23975876711704,-37.76511585349235,RIGHT
1761218114.038444,2025-10-23T12:15:14.038444,-46.5,-3.0,-73.69999999999999,1517,2FFE06077A,10.107994079589844,100.0,100.17827287405298,99.3380464840664,-35.07884436595337,RIGHT
1761218114.148321,2025-10-23T12:15:14.148321,-49.7,-3.200000000000003,-76.89999999999999,1528,0FFE0607A5,9.866952896118164,100.0,99.82635186595583,99.34292058209913,-33.47916104718708,RIGHT
1761218114.238452,2025-10-23T12:15:14.238452,-53.0,-3.299999999999997,-80.19999999999999,1537,EEFD08073E,9.970903396606445,100.0,100.00200275617398,99.52057415560147,-32.85487218484823,RIGHT
1761218114.298468,2025-10-23T12:15:14.298468,-56.1,-3.1000000000000014,-83.29999999999998,1543,CFFD0A0784,10.364055633544922,100.0,99.98793747511806,99.50526301623381,-34.46868008643946,RIGHT
1761218114.348177,2025-10-23T12:15:14.348177,-59.300000000000004,-3.200000000000003,-86.49999999999999,1548,AFFD0C0759,9.691953659057617,100.0,100.21441558969066,99.33640902139123,-37.1551498177928,RIGHT
1761218114.38822,2025-10-23T12:15:14.388220,-62.6,-3.299999999999997,-89.79999999999998,1552,8EFD0F071D,9.735107421875,100.0,99.88411995703913,99.38713623126588,-41.26601183260184,RIGHT
1761218114.428167,2025-10-23T12:15:14.428167,-65.9,-3.3000000000000043,-93.1,1556,6DFD1207C1,9.595155715942383,100.0,99.97697406841515,99.53244503459283,-45.14395035116625,RIGHT
1761218114.468419,2025-10-23T12:15:14.468419,-69.5,-3.5999999999999943,-96.69999999999999,1560,49FD140785,9.843111038208008,100.0,99.66315629395886,99.20566248696299,-50.204080655544026,RIGHT
1761218114.508176,2025-10-23T12:15:14.508176,-72.8,-3.299999999999997,-99.99999999999999,1564,28FD140739,9.600162506103516,100.0,100.00391021758931,99.53168181301977,-54.719889087503255,RIGHT
1761218114.548525,2025-10-23T12:15:14.548525,-76.5,-3.700000000000003,-103.69999999999999,1568,03FD1407ED,9.966135025024414,100.0,99.61250362179442,99.11808824305638,-59.99497786541765,RIGHT
1761218114.588243,2025-10-23T12:15:14.588243,-80.30000000000001,-3.8000000000000114,-107.5,1572,DDFC160721,9.651899337768555,100.0,99.88102779034601,99.4218446835886,-65.3042464535039,RIGHT
1761218114.628164,2025-10-23T12:15:14.628164,-83.9,-3.5999999999999943,-111.1,1576,B9FC160745,9.567975997924805,100.0,99.95195790597477,99.44933509857671,-70.4498447657806,RIGHT
1761218114.668389,2025-10-23T12:15:14.668389,-87.60000000000001,-3.700000000000003,-114.8,1580,94FC160779,9.945154190063477,100.0,99.86604538647073,99.30543570311086,-75.31825130251043,RIGHT
1761218114.698641,2025-10-23T12:15:14.698641,-90.60000000000001,-3.0,-117.8,1583,76FC1707FC,10.44011116027832,100.0,99.98102548211008,99.36956230441402,-79.14165987453194,RIGHT
1761218114.728191,2025-10-23T12:15:14.728191,-93.80000000000001,-3.200000000000003,-121.0,1586,56FC18071F,9.64498519897461,100.0,99.97316127309954,99.28367101228774,-83.30969128295706,RIGHT
1761218114.768226,2025-10-23T12:15:14.768226,-97.80000000000001,-4.0,-125.0,1590,2EFC180723,9.6588134765625,100.0,100.16344036719157,99.03536892067352,-87.38852212823195,RIGHT
1761218114.798122,2025-10-23T12:15:14.798122,-101.0,-3.1999999999999886,-128.2,1593,0EFC190746,9.886980056762695,100.0,100.52184166440985,98.63792753379808,-90.4517323615447,RIGHT
1761218114.828237,2025-10-23T12:15:14.828237,-104.5,-3.5,-131.7,1596,EBFB1A0749,9.838104248046875,100.0,99.95386345871542,99.01903436824652,-93.31252336102823,RIGHT
1761218114.858351,2025-10-23T12:15:14.858351,-108.4,-3.9000000000000057,-135.6,1599,C4FB1C07AC,10.1470947265625,100.0,100.21657061482735,98.82023969131826,-96.68144028641166,RIGHT
1761218114.888066,2025-10-23T12:15:14.888066,-112.5,-4.099999999999994,-139.7,1602,9BFB1E071F,9.649991989135742,100.0,100.1691814616858,98.76666424200998,-100.7131418551981,RIGHT
1761218114.908125,2025-10-23T12:15:14.908125,-115.30000000000001,-2.8000000000000114,-142.5,1604,7FFB1F0741,9.74893569946289,100.0,100.04016581517047,98.95909213672572,-102.54252878489326,RIGHT
1761218114.928169,2025-10-23T12:15:14.928169,-118.10000000000001,-2.799999999999997,-145.3,1606,63FB200773,9.710073471069336,100.0,100.06809099476315,98.88671330380767,-104.76697554503295,RIGHT
1761218114.948353,2025-10-23T12:15:14.948353,-121.2,-3.0999999999999943,-148.4,1608,44FB210755,9.946107864379883,100.0,99.85106747671739,98.84706675955346,-107.59997001373722,RIGHT
1761218114.9682,2025-10-23T12:15:14.968200,-124.4,-3.200000000000003,-151.60000000000002,1610,24FB230737,9.737968444824219,100.0,100.46718405672128,98.54044522723424,-110.28714865793332,RIGHT
1761218114.988191,2025-10-23T12:15:14.988191,-127.5,-3.0999999999999943,-154.70000000000002,1612,05FB240799,9.768962860107422,100.0,99.87531967786948,98.83012167835092,-113.35437871361135,RIGHT
1761218115.008089,2025-10-23T12:15:15.008089,-130.70000000000002,-3.200000000000017,-157.90000000000003,1614,E5FA25075B,9.693145751953125,100.0,100.03587101698149,98.9624619529868,-116.03224014120455,RIGHT
1761218115.028187,2025-10-23T12:15:15.028187,-133.9,-3.1999999999999886,-161.10000000000002,1616,C5FA25071D,9.788990020751953,100.0,99.98197880364047,98.97727096883983,-118.86573255702412,RIGHT
1761218115.048181,2025-10-23T12:15:15.048181,-136.70000000000002,-2.8000000000000114,-163.90000000000003,1618,A9FA24078F,9.720087051391602,100.0,100.1722914960032,98.79533874418956,-121.01298678804187,RIGHT
1761218115.068205,2025-10-23T12:15:15.068205,-139.70000000000002,-3.0,-166.90000000000003,1620,8BFA240761,9.669065475463867,100.0,99.9948504238864,98.93237218799638,-123.56672558787298,RIGHT
1761218115.088144,2025-10-23T12:15:15.088144,-142.70000000000002,-3.0,-169.90000000000003,1622,6DFA2507D3,9.637117385864258,100.0,100.0468473453966,98.86336862726091,-126.04132701864991,RIGHT
1761218115.10816,2025-10-23T12:15:15.108160,-145.6,-2.8999999999999773,-172.8,1624,50FA240745,9.737968444824219,100.0,99.92909693897,98.81492199032856,-128.07315781784177,RIGHT
1761218115.128138,2025-10-23T12:15:15.128138,-148.0,-2.4000000000000057,-175.20000000000002,1626,38FA2307F7,9.690999984741211,100.0,100.0489951696583,98.86267067812312,-129.12421887596466,RIGHT
1761218115.148129,2025-10-23T12:15:15.148129,-150.6,-2.5999999999999943,-177.8,1628,1EFA220749,9.577035903930664,100.0,100.05209774529355,98.8464799325164,-130.2878225102829,RIGHT
1761218115.168164,2025-10-23T12:15:15.168164,-153.1,-2.5,-180.3,1630,05FA2207CB,9.802103042602539,100.0,100.04112026484886,98.78179269114214,-131.76061519189676,RIGHT
1761218115.188102,2025-10-23T12:15:15.188102,-155.70000000000002,-2.6000000000000227,-182.90000000000003,1632,EBF92107AD,9.604930877685547,100.0,100.04207473273958,98.77390064691933,-133.00346155869514,RIGHT
1761218115.208067,2025-10-23T12:15:15.208067,-158.10000000000002,-2.4000000000000057,-185.30000000000004,1634,D3F920072F,9.599924087524414,100.0,100.09316533027874,98.74142381291377,-133.5999812974869,RIGHT
1761218115.22815,2025-10-23T12:15:15.228150,-160.4,-2.299999999999983,-187.60000000000002,1636,BCF9200751,9.60397720336914,100.0,99.98817583675026,98.78824623688605,-134.2070731431733,RIGHT
1761218115.248129,2025-10-23T12:15:15.248129,-162.60000000000002,-2.200000000000017,-189.80000000000004,1638,A6F91E0713,9.66191291809082,100.0,100.00009536752259,98.74768127368029,-134.61017692370257,RIGHT
1761218115.268348,2025-10-23T12:15:15.268348,-164.8,-2.1999999999999886,-192.00000000000003,1640,90F91E0725,9.772062301635742,100.0,99.81637402963337,98.51358126763944,-134.70567276666168,RIGHT
1761218115.288173,2025-10-23T12:15:15.288173,-167.10000000000002,-2.3000000000000114,-194.30000000000004,1642,79F91D0747,9.685993194580078,100.0,99.92909693897,98.58019085240446,-134.88391168143983,RIGHT
1761218115.308409,2025-10-23T12:15:15.308409,-169.3,-2.1999999999999886,-196.50000000000003,1644,63F91D0719,9.861946105957031,100.0,99.65913060007365,98.20984690681759,-134.69112239818884,RIGHT
1761218115.328226,2025-10-23T12:15:15.328226,-171.4,-2.0999999999999943,-198.60000000000002,1646,4EF91C07DB,9.756088256835938,100.0,99.92385944014295,98.42885413079526,-134.14128584258833,RIGHT
1761218115.348193,2025-10-23T12:15:15.348193,-173.5,-2.0999999999999943,-200.70000000000002,1648,39F91C07BD,9.655952453613281,100.0,99.93600175363773,98.42130342917031,-132.90001314158943,RIGHT
1761218115.368235,2025-10-23T12:15:15.368235,-175.9,-2.4000000000000057,-203.10000000000002,1650,21F91C070F,9.572029113769531,100.0,100.11299488969036,98.31032978233713,-132.49790922144615,RIGHT
1761218115.388174,2025-10-23T12:15:15.388174,-178.10000000000002,-2.200000000000017,-205.30000000000004,1652,0BF91C0761,9.613990783691406,100.0,99.99890328656407,98.34769095646581,-131.27859023872134,RIGHT
1761218115.408169,2025-10-23T12:15:15.408169,-180.5,-2.3999999999999773,-207.70000000000002,1654,F3F81C0723,9.655952453613281,100.0,100.24052157620022,98.06053007998446,-130.48536465314146,RIGHT
1761218115.428359,2025-10-23T12:15:15.428359,-182.8,-2.3000000000000114,-210.00000000000003,1656,DCF81C0795,9.818077087402344,100.0,99.86723430193244,98.1266763311858,-128.7881032093306,RIGHT
1761218115.448178,2025-10-23T12:15:15.448178,-185.10000000000002,-2.3000000000000114,-212.30000000000004,1658,C5F81C0737,9.586095809936523,100.0,100.01487953301158,98.19405502756169,-127.4207770331127,RIGHT
1761218115.468662,2025-10-23T12:15:15.468662,-187.4,-2.299999999999983,-214.60000000000002,1660,AEF81C0709,10.271072387695312,100.0,99.57490248586846,97.83938868010507,-125.24475327494778,RIGHT
1761218115.48821,2025-10-23T12:15:15.488210,-189.70000000000002,-2.3000000000000114,-216.90000000000003,1662,97F81C078B,9.604930877685547,100.0,99.96410704965191,98.27670776314012,-123.51626266957875,RIGHT
1761218115.508447,2025-10-23T12:15:15.508447,-191.9,-2.1999999999999886,-219.10000000000002,1664,81F81C079D,9.903907775878906,100.0,99.7228694519206,98.08705076480136,-121.62051946712437,RIGHT
1761218115.528172,2025-10-23T12:15:15.528172,-194.20000000000002,-2.3000000000000114,-221.40000000000003,1666,6AF81C07EF,9.588003158569336,100.0,100.18736593685357,98.14677097675494,-120.2750079966037,RIGHT
1761218115.548234,2025-10-23T12:15:15.548234,-196.20000000000002,-2.0,-223.40000000000003,1668,56F81B0781,9.63902473449707,100.0,99.9440982688573,98.2995388502449,-118.44036102285264,RIGHT
1761218115.568224,2025-10-23T12:15:15.568224,-198.20000000000002,-2.0,-225.40000000000003,1670,42F81A07E3,9.672880172729492,100.0,100.43999779689794,98.04824955120321,-116.18955278960013,RIGHT
1761218115.58823,2025-10-23T12:15:15.588230,-200.5,-2.299999999999983,-227.70000000000002,1672,2BF81B0765,9.614944458007812,100.0,99.98007217875923,98.51644327428846,-115.14719633879041,RIGHT
1761218115.60823,2025-10-23T12:15:15.608230,-202.60000000000002,-2.1000000000000227,-229.80000000000004,1674,16F81B07A7,9.608030319213867,100.0,100.21728897713615,98.3411287695809,-114.13216557083463,RIGHT
1761218115.628143,2025-10-23T12:15:15.628143,-204.8,-2.1999999999999886,-232.00000000000003,1676,00F81A0729,9.510040283203125,100.0,100.02895239548877,98.49566050854277,-113.35989878714035,RIGHT
1761218115.648232,2025-10-23T12:15:15.648232,-206.9,-2.0999999999999943,-234.10000000000002,1678,EBF71B07BB,9.638071060180664,100.0,100.00200275617398,98.51849966373405,-112.47880451499611,RIGHT
1761218115.668615,2025-10-23T12:15:15.668615,-209.3,-2.4000000000000057,-236.50000000000003,1680,D3F71B076D,10.457992553710938,100.0,99.61037449741255,98.25237084644365,-111.80980296774246,RIGHT
1761218115.688436,2025-10-23T12:15:15.688436,-211.60000000000002,-2.3000000000000114,-238.80000000000004,1682,BCF71C07AF,9.796142578125,100.0,99.79428734579284,98.49063505086082,-111.43561799814026,RIGHT
1761218115.708186,2025-10-23T12:15:15.708186,-213.8,-2.1999999999999886,-241.00000000000003,1684,A6F71B0781,9.559869766235352,100.0,100.0442223520853,98.64816255994725,-111.51049808175394,RIGHT
1761218115.72813,2025-10-23T12:15:15.728130,-216.10000000000002,-2.3000000000000114,-243.30000000000004,1686,8FF71C0763,9.513139724731445,100.0,100.01297165312273,98.67104430337038,-111.50523148355538,RIGHT
1761218115.748433,2025-10-23T12:15:15.748433,-218.5,-2.3999999999999773,-245.70000000000002,1688,77F71C0775,9.785175323486328,100.0,99.79927380708776,98.48317877145077,-111.86933734382677,RIGHT
1761218115.768222,2025-10-23T12:15:15.768222,-220.8,-2.3000000000000114,-248.00000000000003,1690,60F71C0737,9.768009185791016,100.0,100.39455984221436,98.31962736127417,-111.89722165154733,RIGHT
1761218115.788228,2025-10-23T12:15:15.788228,-223.0,-2.1999999999999886,-250.20000000000002,1692,4AF71C0759,9.580135345458984,100.0,100.20842989502053,98.57876923090892,-111.90958886901852,RIGHT
1761218115.808537,2025-10-23T12:15:15.808537,-225.0,-2.0,-252.20000000000002,1694,36F71B07BB,10.396003723144531,100.0,99.6501331660739,98.41758220249027,-111.4133361874784,RIGHT
1761218115.828196,2025-10-23T12:15:15.828196,-227.20000000000002,-2.200000000000017,-254.40000000000003,1696,20F71B07AD,9.56106185913086,100.0,99.93409688187235,98.58373555224976,-112.11882563800683,RIGHT
1761218115.848544,2025-10-23T12:15:15.848544,-229.3,-2.0999999999999943,-256.5,1698,0BF71B071F,10.316848754882812,100.0,99.88935329070362,98.54814553003035,-111.65981596420707,RIGHT
1761218115.868548,2025-10-23T12:15:15.868548,-231.4,-2.0999999999999943,-258.6,1700,F6F61B07C1,10.114908218383789,100.0,99.67523532724806,98.3415286425996,-111.02316104163282,RIGHT
1761218115.888245,2025-10-23T12:15:15.888245,-233.4,-2.0,-260.6,1702,E2F61A07A3,9.881019592285156,100.0,99.98293214335092,98.6740522452892,-110.46857671420607,RIGHT
1761218115.908226,2025-10-23T12:15:15.908226,-235.4,-2.0,-262.6,1704,CEF6190715,10.088920593261719,100.0,100.31196337945978,98.38803872771551,-109.66232082762056,RIGHT
1761218115.938682,2025-10-23T12:15:15.938682,-238.3,-2.9000000000000057,-265.5,1707,B1F6190748,10.502099990844727,100.0,99.54701558602456,98.26735132253434,-108.45986400774207,RIGHT
1761218115.968196,2025-10-23T12:15:15.968196,-240.9,-2.5999999999999943,-268.1,1710,97F618072B,9.590864181518555,100.0,100.35324461543615,98.41259395832142,-106.82388457131333,RIGHT
1761218115.998424,2025-10-23T12:15:15.998424,-243.3,-2.4000000000000057,-270.5,1713,7FF61607FE,10.223150253295898,100.0,99.7138605058079,98.50169170489238,-104.90285721515072,RIGHT
1761218116.028176,2025-10-23T12:15:16.028176,-245.60000000000002,-2.3000000000000114,-272.8,1716,68F6150751,9.469032287597656,100.0,100.00391021758931,98.80005582251209,-102.94514875439017,RIGHT
1761218116.058516,2025-10-23T12:15:16.058516,-247.8,-2.1999999999999886,-275.0,1719,52F6140784,10.342121124267578,100.0,100.08910482344884,98.66472023763603,-101.16418927133084,RIGHT
1761218116.108123,2025-10-23T12:15:16.108123,-251.70000000000002,-3.9000000000000057,-278.9,1724,2BF61407B9,9.387969970703125,100.0,100.10797702982018,98.58483046191868,-98.0612409708388,RIGHT
1761218116.148126,2025-10-23T12:15:16.148126,-255.3,-3.5999999999999943,-282.5,1728,07F615070D,9.646892547607422,100.0,100.0480405697125,98.64413211755783,-96.12857438987716,RIGHT
1761218116.188525,2025-10-23T12:15:16.188525,-258.90000000000003,-3.6000000000000227,-286.1,1732,E3F5160761,10.043859481811523,100.0,99.73377719652835,98.41044760151648,-94.30516808327882,RIGHT
1761218116.228379,2025-10-23T12:15:16.228379,-262.40000000000003,-3.5,-289.6,1736,C0F5160735,9.890079498291016,100.0,99.79927380708776,98.48789471194455,-92.091358812043,RIGHT
1761218116.278472,2025-10-23T12:15:16.278472,-265.8,-3.3999999999999773,-293.0,1741,9EF513072A,10.294914245605469,100.0,100.00915611170456,98.77763767253427,-87.30348093016744,RIGHT
1761218116.368324,2025-10-23T12:15:16.368324,-269.0,-3.1999999999999886,-296.2,1750,7EF50B07C3,9.840965270996094,100.0,99.85320690303705,98.70692722586365,-74.90408064851259,RIGHT
1761218116.628126,2025-10-23T12:15:16.628126,-272.1,-3.1000000000000227,-299.3,1776,5FF50607CD,9.54294204711914,100.0,100.18640869461363,98.71459581557218,-36.76118356471743,RIGHT
1761218116.688261,2025-10-23T12:15:16.688261,-275.2,-3.099999999999966,-302.4,1782,40F5090733,9.613037109375,100.0,100.26376494942951,98.75689063292617,-31.447177083855642,RIGHT
1761218116.738608,2025-10-23T12:15:16.738608,-278.3,-3.1000000000000227,-305.5,1787,21F50C07A8,10.347843170166016,100.0,100.00009536752259,99.23360894433065,-29.356672475010708,RIGHT
1761218116.788554,2025-10-23T12:15:16.788554,-281.5,-3.1999999999999886,-308.7,1792,01F50E07FD,9.891986846923828,100.0,99.70793445522382,99.21594124061046,-29.573431986960294,RIGHT
1761218116.838832,2025-10-23T12:15:16.838832,-284.8,-3.3000000000000114,-312.0,1797,E0F40F07F2,10.553836822509766,100.0,99.77648262245165,99.48929036164479,-33.237634521517634,RIGHT
1761218116.898625,2025-10-23T12:15:16.898625,-288.2,-3.3999999999999773,-315.4,1803,BEF40E07F8,10.379791259765625,100.0,100.02608979755367,99.59411390839271,-38.74476186771941,RIGHT
1761218116.958621,2025-10-23T12:15:16.958621,-291.2,-3.0,-318.4,1809,A0F40D075E,9.977102279663086,100.0,99.93004927047298,99.73936180784273,-44.904840833639106,RIGHT
1761218117.018569,2025-10-23T12:15:17.018569,-294.40000000000003,-3.2000000000000455,-321.6,1815,80F40D07D4,10.365962982177734,100.0,100.13809173646061,99.50005091833538,-51.19763457143876,RIGHT
1761218117.078771,2025-10-23T12:15:17.078771,-297.5,-3.099999999999966,-324.7,1821,61F40D07CA,10.016202926635742,100.0,99.88411995703913,99.32079631563062,-54.87029882139527,RIGHT
1761218117.138674,2025-10-23T12:15:17.138674,-300.7,-3.1999999999999886,-327.9,1827,41F40D0740,10.46609878540039,100.0,100.07214979672081,99.17933820713168,-56.51378247425236,RIGHT
1761218117.188246,2025-10-23T12:15:17.188246,-303.90000000000003,-3.2000000000000455,-331.1,1832,21F40E0745,9.582996368408203,100.0,100.10702130401783,99.0565146148644,-57.38334655205576,RIGHT
1761218117.238735,2025-10-23T12:15:17.238735,-306.90000000000003,-3.0,-334.1,1837,03F40E07BA,10.510921478271484,100.0,99.93909732514308,99.07548957176242,-57.07867335432948,RIGHT
1761218117.288585,2025-10-23T12:15:17.288585,-310.0,-3.099999999999966,-337.2,1842,E4F30E070F,9.969949722290039,100.0,99.66220904260881,98.77822809084273,-56.94644961487772,RIGHT
1761218117.37865,2025-10-23T12:15:17.378650,-313.0,-3.0,-340.2,1851,C6F30A0738,10.406017303466797,100.0,99.96506004857272,99.20839806787714,-51.79394187486352,RIGHT
1761218117.608172,2025-10-23T12:15:17.608172,-316.0,-3.0,-343.2,1874,A8F303075F,9.451866149902344,100.0,100.38759151865317,98.84999605627841,-33.49851399273988,RIGHT
1761218118.308495,2025-10-23T12:15:18.308495,-312.70000000000005,3.2999999999999545,-339.90000000000003,1944,C9F30507E5,9.840965270996094,100.0,100.05209774529355,99.809331248922,10.413686062005102,LEFT
1761218118.418754,2025-10-23T12:15:18.418754,-309.6,3.1000000000000227,-336.8,1955,E8F30607B0,10.128021240234375,100.0,99.96696610092738,99.7769337443379,16.308850283143542,LEFT
1761218118.908429,2025-10-23T12:15:18.908429,-306.6,3.0,-333.8,2004,06F4020791,9.675025939941406,100.0,100.04016581517047,99.65573264032618,6.126514902536462,LEFT
1761218119.158724,2025-10-23T12:15:19.158724,-303.6,3.0,-330.8,2029,24F402072A,10.482072830200195,100.0,99.96005700694474,99.72705089696737,10.610530658352205,LEFT
1761218120.138801,2025-10-23T12:15:20.138801,-300.6,3.0,-327.8,2127,42F404072C,10.496139526367188,100.0,99.94100238754474,99.73605112582034,4.892785880308034,LEFT
1761218120.238809,2025-10-23T12:15:20.238809,-297.40000000000003,3.1999999999999886,-324.6,2137,62F4060786,10.546207427978516,100.0,99.99198977743025,99.73172628142716,11.41880370467774,LEFT
1761218120.538696,2025-10-23T12:15:20.538696,-300.40000000000003,-3.0,-327.6,2167,44F40307B4,10.326147079467773,100.0,100.13211515552298,99.55442441772327,4.282253326656452,LEFT
1761218120.798822,2025-10-23T12:15:20.798822,-297.40000000000003,3.0,-324.6,2193,62F403075E,10.5438232421875,100.0,99.85035435498347,99.55081703281206,-1.427190881573418,RIGHT
1761218120.958735,2025-10-23T12:15:20.958735,-294.2,3.2000000000000455,-321.4,2209,82F40507DE,10.133981704711914,100.0,100.08313408831684,99.4590812835889,9.999878164724866,LEFT
1761218121.018613,2025-10-23T12:15:21.018613,-290.8,3.3999999999999773,-318.0,2215,A4F40A07C4,10.244131088256836,100.0,100.10893277387142,99.6051975636599,19.378137357269058,LEFT
1761218121.058278,2025-10-23T12:15:21.058278,-287.8,3.0,-315.0,2219,C2F40D0778,9.533166885375977,100.0,100.45900257236883,99.22566390752029,25.51326983175358,LEFT
1761218121.098487,2025-10-23T12:15:21.098487,-284.40000000000003,3.3999999999999773,-311.6,2223,E4F41107AC,9.843826293945312,100.0,100.25777335832026,99.362420176044,32.64227623294654,LEFT
1761218121.138718,2025-10-23T12:15:21.138718,-281.1,3.3000000000000114,-308.3,2227,05F51207B0,10.403871536254883,100.0,100.05615524994334,99.55430493672577,38.15377814099194,LEFT
1761218121.188344,2025-10-23T12:15:21.188344,-277.7,3.400000000000034,-304.9,2232,27F51107D5,9.694099426269531,100.0,100.29996939087849,99.41321090144947,43.294291600144795,LEFT
1761218121.248598,2025-10-23T12:15:21.248598,-274.3,3.3999999999999773,-301.5,2238,49F50F074B,9.84811782836914,100.0,99.98984439999714,99.65185123234707,48.79222274951869,LEFT
1761218121.328317,2025-10-23T12:15:21.328317,-271.0,3.3000000000000114,-298.2,2246,6AF50C07E3,9.605884552001953,100.0,100.3422009569378,99.29249510518024,53.51187941820538,LEFT
1761218121.398646,2025-10-23T12:15:21.398646,-267.6,3.3999999999999773,-294.8,2253,8CF50C07FA,10.35308837890625,100.0,100.02394295662128,99.55873591367404,57.29851070470487,LEFT
1761218121.448629,2025-10-23T12:15:21.448629,-264.3,3.3000000000000114,-291.5,2258,ADF50E07BF,9.921789169311523,100.0,99.9571983508496,99.30911428587034,61.03362215806774,LEFT
1761218121.488275,2025-10-23T12:15:21.488275,-260.7,3.6000000000000227,-287.9,2262,D1F5110723,9.49716567993164,100.0,100.01797999308462,99.10613404299002,64.55157570320503,LEFT
1761218121.518796,2025-10-23T12:15:21.518796,-257.3,3.3999999999999773,-284.5,2265,F3F5140726,10.066986083984375,100.0,100.01511802311579,99.01865533606214,66.87831324891219,LEFT
1761218121.548587,2025-10-23T12:15:21.548587,-253.5,3.8000000000000114,-280.7,2268,19F6180769,9.785175323486328,100.0,100.04183611405946,98.94181660463099,69.95588496016302,LEFT
1761218121.578757,2025-10-23T12:15:21.578757,-249.60000000000002,3.8999999999999773,-276.8,2271,40F61A07DC,10.403156280517578,100.0,100.02084212685081,98.98000887272174,72.84020028340888,LEFT
1761218121.608352,2025-10-23T12:15:21.608352,-245.8,3.8000000000000114,-273.0,2274,66F61C07CF,9.613990783691406,100.0,100.37846207601311,98.62077926521994,75.77183548495171,LEFT
1761218121.638521,2025-10-23T12:15:21.638521,-242.70000000000002,3.0999999999999943,-269.9,2277,85F61B07B2,10.24484634399414,100.0,100.28174402035137,98.90207460687688,76.74518542742129,LEFT
1761218121.688553,2025-10-23T12:15:21.688553,-239.60000000000002,3.0999999999999943,-266.79999999999995,2282,A4F6150737,10.013103485107422,100.0,99.78835173201371,99.02830573710173,76.74611911121832,LEFT
1761218121.828547,2025-10-23T12:15:21.828547,-242.70000000000002,-3.0999999999999943,-269.9,2296,85F6030755,9.721040725708008,100.0,100.00796381471494,99.4752434656344,56.76817015798949,LEFT
1761218121.928681,2025-10-23T12:15:21.928681,-245.8,-3.0999999999999943,-273.0,2306,66F605074F,9.982824325561523,100.0,99.86628316729842,98.98043077924358,39.18577002859714,LEFT
1761218122.148676,2025-10-23T12:15:22.148676,-248.9,-3.0999999999999943,-276.1,2328,47F60407C5,9.943962097167969,100.0,99.96410704965191,99.51072058784578,-15.920938917511815,RIGHT
1761218122.268705,2025-10-23T12:15:22.268705,-252.10000000000002,-3.200000000000017,-279.30000000000007,2340,27F60607C1,9.943962097167969,100.0,100.0392113837039,99.41758229938114,-23.870349528097947,RIGHT
1761218122.348348,2025-10-23T12:15:22.348348,-255.3,-3.1999999999999886,-282.50000000000006,2348,07F6090799,9.575843811035156,100.0,100.0802683884761,99.49206189000311,-23.071686632328575,RIGHT
1761218122.428379,2025-10-23T12:15:22.428379,-258.8,-3.5,-286.00000000000006,2356,E4F50A07C1,9.608030319213867,100.0,99.98293214335092,99.64111011886438,-26.339422929476797,RIGHT
1761218122.488386,2025-10-23T12:15:22.488386,-262.0,-3.1999999999999886,-289.20000000000005,2362,C4F50C07E7,9.560823440551758,100.0,99.98698403995375,99.63430424710477,-31.449688167807498,RIGHT
1761218122.538786,2025-10-23T12:15:22.538786,-265.40000000000003,-3.400000000000034,-292.6000000000001,2367,A2F50E077C,10.422945022583008,100.0,100.07000097820044,99.58763570201292,-36.92777843985449,RIGHT
1761218122.588389,2025-10-23T12:15:22.588389,-268.90000000000003,-3.5,-296.1000000000001,2372,7FF5100751,9.579896926879883,100.0,99.99699601614522,99.64907558173154,-42.47177273227382,RIGHT
1761218122.638786,2025-10-23T12:15:22.638786,-272.1,-3.1999999999999886,-299.30000000000007,2377,5FF50F07E6,10.419130325317383,100.0,99.99985694905718,99.58027215176223,-47.33629690743318,RIGHT
1761218122.688728,2025-10-23T12:15:22.688728,-275.1,-3.0,-302.30000000000007,2382,41F50F07CB,9.932994842529297,100.0,99.66197223258477,99.19887275863047,-51.42489223278112,RIGHT
1761218122.748311,2025-10-23T12:15:22.748311,-278.7,-3.599999999999966,-305.90000000000003,2388,1DF50F07F1,9.469985961914062,100.0,100.05591656408936,99.37156738695788,-55.15267844010822,RIGHT
1761218122.818768,2025-10-23T12:15:22.818768,-281.8,-3.1000000000000227,-309.00000000000006,2395,FEF40C0798,10.442018508911133,100.0,100.06498742717544,99.33293569168167,-55.87206919887677,RIGHT
1761218122.898768,2025-10-23T12:15:22.898768,-284.90000000000003,-3.1000000000000227,-312.1000000000001,2403,DFF40A0740,10.370016098022461,100.0,100.017025984896,99.35669137237987,-55.06653816567098,RIGHT
1761218122.978778,2025-10-23T12:15:22.978778,-288.2,-3.2999999999999545,-315.40000000000003,2411,BEF40B07A8,10.36977767944336,100.0,100.03205372815385,99.10589825563417,-53.42664974113364,RIGHT
1761218123.048405,2025-10-23T12:15:23.048405,-291.6,-3.400000000000034,-318.80000000000007,2418,9CF40C07AF,9.58704948425293,100.0,100.2908558776129,98.80998847071434,-50.85472871078284,RIGHT
1761218123.098882,2025-10-23T12:15:23.098882,-294.6,-3.0,-321.80000000000007,2423,7EF40D07C4,10.529041290283203,100.0,100.0201265780525,99.08001867339937,-49.95850486845355,RIGHT
1761218123.148409,2025-10-23T12:15:23.148409,-298.1,-3.5,-325.30000000000007,2428,5BF40F0749,9.611845016479492,100.0,99.99604240821844,99.21817186710649,-50.228911499552424,RIGHT
1761218123.188397,2025-10-23T12:15:23.188397,-301.3,-3.1999999999999886,-328.50000000000006,2432,3BF411079D,9.629011154174805,100.0,99.95600729239898,99.19235727773498,-52.076745881153435,RIGHT
1761218123.238869,2025-10-23T12:15:23.238869,-305.0,-3.6999999999999886,-332.20000000000005,2437,16F41207A2,10.508060455322266,100.0,99.92814462561824,99.21338852802921,-53.61242682434297,RIGHT
1761218123.278784,2025-10-23T12:15:23.278784,-308.0,-3.0,-335.20000000000005,2441,F8F3120796,10.055065155029297,100.0,99.98388550124196,99.38961428608526,-55.6613372584782,RIGHT
1761218123.318863,2025-10-23T12:15:23.318863,-311.0,-3.0,-338.20000000000005,2445,DAF312075A,10.514020919799805,100.0,99.9791188935874,99.41460374655442,-58.712260531742885,RIGHT
1761218123.368358,2025-10-23T12:15:23.368358,-314.0,-3.0,-341.20000000000005,2450,BCF311073F,9.604930877685547,100.0,100.37245676926538,99.00484206771006,-61.076752350956674,RIGHT
1761218123.418765,2025-10-23T12:15:23.418765,-317.0,-3.0,-344.20000000000005,2455,9EF30F0774,10.430097579956055,100.0,100.09794281895853,99.19771184616913,-63.4141246475449,RIGHT
1761218123.478833,2025-10-23T12:15:23.478833,-320.1,-3.1000000000000227,-347.30000000000007,2461,7FF30E077A,10.046958923339844,100.0,99.95100515685023,99.26448798401725,-64.23539261354549,RIGHT
1761218123.538807,2025-10-23T12:15:23.538807,-323.1,-3.0,-350.30000000000007,2467,61F30D0710,10.499954223632812,100.0,100.08504464605296,99.08011876915033,-64.23301918668673,RIGHT
1761218123.608351,2025-10-23T12:15:23.608351,-326.20000000000005,-3.1000000000000227,-353.4000000000001,2474,42F30B0717,9.533882141113281,100.0,100.06809099476315,98.97770313698346,-61.89509869861311,RIGHT
1761218123.688417,2025-10-23T12:15:23.688417,-329.5,-3.2999999999999545,-356.70000000000005,2482,21F30A07DF,9.469032287597656,100.0,99.90410472735587,98.8784382507223,-56.57738253039915,RIGHT
1761218123.758676,2025-10-23T12:15:23.758676,-332.6,-3.1000000000000227,-359.80000000000007,2489,02F30A0756,10.267972946166992,100.0,100.17922996082928,98.86613991672496,-52.04643727673216,RIGHT
1761218123.828535,2025-10-23T12:15:23.828535,-335.70000000000005,-3.1000000000000227,-362.9000000000001,2496,E3F20B071D,9.687185287475586,100.0,99.83514351749369,99.03795404710684,-47.78786327782654,RIGHT
1761218123.918743,2025-10-23T12:15:23.918743,-339.0,-3.2999999999999545,-366.20000000000005,2505,C2F20907B6,10.324954986572266,100.0,100.10510990715768,99.20013028270996,-43.834360116544836,RIGHT
1761218124.028429,2025-10-23T12:15:24.028429,-342.0,-3.0,-369.20000000000005,2516,A4F2070721,9.639978408813477,100.0,99.95291067326299,99.29966275959539,-38.6011974928224,RIGHT
1761218124.398815,2025-10-23T12:15:24.398815,-345.1,-3.1000000000000227,-372.30000000000007,2553,85F2010706,10.452032089233398,100.0,100.02108064539206,99.53186114758716,-13.254567853937576,RIGHT
1761218124.638914,2025-10-23T12:15:24.638914,-348.1,-3.0,-375.30000000000007,2577,67F203076E,10.366201400756836,100.0,99.99699601614522,99.80256056942662,-8.563266004526588,RIGHT
1761218124.788495,2025-10-23T12:15:24.788495,-351.3,-3.1999999999999886,-378.50000000000006,2592,47F205071D,9.701013565063477,100.0,100.20938755811676,99.55548212898202,-14.49988455427768,RIGHT
1761218125.318908,2025-10-23T12:15:25.318908,-354.3,-3.0,-381.50000000000006,2645,29F2030702,10.358095169067383,100.0,99.97101670353139,99.69684795734169,-4.892476738896252,RIGHT
1761218126.708474,2025-10-23T12:15:26.708474,-351.0,3.3000000000000114,-378.20000000000005,2784,4AF208071D,9.570837020874023,100.0,100.03205372815385,99.75370630263971,8.98775635037911,LEFT
1761218126.748449,2025-10-23T12:15:26.748449,-347.20000000000005,3.7999999999999545,-374.4000000000001,2788,70F20E0721,9.551048278808594,100.0,100.0489951696583,99.74655290565838,16.746003084007786,LEFT
1761218126.778902,2025-10-23T12:15:26.778902,-344.20000000000005,3.0,-371.4000000000001,2791,8EF21207B4,10.075092315673828,100.0,100.07000097820044,99.72647279220628,22.837562999186645,LEFT
1761218126.80841,2025-10-23T12:15:26.808410,-340.90000000000003,3.3000000000000114,-368.1000000000001,2794,AFF21407D7,9.517908096313477,100.0,100.06403252203205,99.73266554995526,29.624123890813742,LEFT
1761218126.838987,2025-10-23T12:15:26.838987,-337.40000000000003,3.5,-364.6000000000001,2797,D2F216078A,10.519027709960938,100.0,99.91100608855561,99.70578868919904,36.692006220839815,LEFT
1761218126.87897,2025-10-23T12:15:26.878970,-333.40000000000003,4.0,-360.6000000000001,2801,FAF218078E,10.226964950561523,100.0,99.9321920827228,99.71775850085494,44.85073343530804,LEFT
1761218126.918931,2025-10-23T12:15:26.918931,-330.20000000000005,3.1999999999999886,-357.4000000000001,2805,1AF3160752,10.396957397460938,100.0,99.8972043195145,99.6873546107823,51.37237900962205,LEFT
1761218126.958744,2025-10-23T12:15:26.958744,-327.1,3.1000000000000227,-354.30000000000007,2809,39F3140726,10.205984115600586,100.0,99.96887222596952,99.7641211828581,57.750155421003875,LEFT
1761218126.99895,2025-10-23T12:15:26.998950,-324.0,3.1000000000000227,-351.20000000000005,2813,58F315078A,10.484933853149414,100.0,100.00295647778589,99.74101775499766,64.00757080988564,LEFT
1761218127.038943,2025-10-23T12:15:27.038943,-320.70000000000005,3.2999999999999545,-347.9000000000001,2817,79F31407EE,10.538101196289062,100.0,100.02585125512137,99.74428199772383,70.73430923137335,LEFT
1761218127.078918,2025-10-23T12:15:27.078918,-317.5,3.2000000000000455,-344.70000000000005,2821,99F31407C2,10.150909423828125,100.0,99.90600845590424,99.63256558562941,77.0764753553634,LEFT
1761218127.118897,2025-10-23T12:15:27.118897,-314.3,3.1999999999999886,-341.50000000000006,2825,B9F31407A6,10.344982147216797,100.0,99.9221930783763,99.37908723689011,82.98571557047637,LEFT
1761218127.15889,2025-10-23T12:15:27.158890,-311.0,3.3000000000000114,-338.20000000000005,2829,DAF314073A,10.504007339477539,100.0,99.58483210226531,98.73502341769492,86.9231673037949,LEFT
1761218127.198929,2025-10-23T12:15:27.198929,-307.40000000000003,3.599999999999966,-334.6000000000001,2833,FEF315070E,10.404109954833984,100.0,100.02489709676958,98.80728730585042,88.89701728340322,LEFT
1761218127.23888,2025-10-23T12:15:27.238880,-304.1,3.3000000000000114,-331.30000000000007,2837,1FF4140752,10.273933410644531,100.0,100.05209774529355,98.68483776667215,87.8819136068947,LEFT
1761218127.278959,2025-10-23T12:15:27.278959,-300.5,3.6000000000000227,-327.70000000000005,2841,43F4150796,10.038137435913086,100.0,100.10702130401783,98.52641130460691,86.65247557432362,LEFT
1761218127.318883,2025-10-23T12:15:27.318883,-297.3,3.1999999999999886,-324.50000000000006,2845,63F414076A,10.385990142822266,100.0,100.03109945146673,98.7821354896781,83.80659627438507,LEFT
1761218127.368484,2025-10-23T12:15:27.368484,-293.8,3.5,-321.00000000000006,2850,86F41307FF,9.866952896118164,100.0,100.43879520495788,98.56611752789361,80.8965441261347,LEFT
1761218127.4189,2025-10-23T12:15:27.418900,-290.40000000000003,3.3999999999999773,-317.6000000000001,2855,A8F4120794,10.416984558105469,100.0,99.98293214335092,98.99531666966584,79.72547071620416,LEFT
1761218127.448678,2025-10-23T12:15:27.448678,-287.40000000000003,3.0,-314.6000000000001,2858,C6F4140747,9.762048721313477,100.0,99.77553321566035,98.81185726133188,81.03132794661816,LEFT
1761218127.478932,2025-10-23T12:15:27.478932,-283.0,4.400000000000034,-310.20000000000005,2861,F2F419073A,9.967803955078125,100.0,99.97316127309954,98.9668507593013,85.42881428683239,LEFT
1761218127.498859,2025-10-23T12:15:27.498859,-279.2,3.8000000000000114,-306.40000000000003,2863,18F51E077C,10.46895980834961,100.0,100.10917171273566,98.92131589628615,89.52571031546731,LEFT
1761218127.518934,2025-10-23T12:15:27.518934,-274.90000000000003,4.2999999999999545,-302.1000000000001,2865,43F524072E,10.395050048828125,100.0,99.96601306566438,98.99892375549948,95.2033299828718,LEFT
1761218127.538893,2025-10-23T12:15:27.538893,-270.3,4.600000000000023,-297.50000000000006,2867,71F5290700,10.529041290283203,100.0,100.02298883467594,98.94980168930778,101.33301548212158,LEFT
1761218127.548547,2025-10-23T12:15:27.548547,-267.5,2.8000000000000114,-294.70000000000005,2868,8DF52C0771,9.654045104980469,100.0,100.13115896877633,98.8190346914572,105.49428966601631,LEFT
1761218127.558808,2025-10-23T12:15:27.558808,-264.7,2.8000000000000114,-291.90000000000003,2869,A9F52F0712,10.261058807373047,100.0,100.13402758380305,98.8148577224775,109.78672820270307,LEFT
1761218127.568402,2025-10-23T12:15:27.568402,-261.7,3.0,-288.90000000000003,2870,C7F5330753,9.593963623046875,100.0,100.56522479278208,98.42885513968658,113.997580764182,LEFT
1761218127.578931,2025-10-23T12:15:27.578931,-258.8,2.8999999999999773,-286.00000000000006,2871,E4F5350754,10.529041290283203,100.0,100.0008106297401,98.96500713881518,118.06491430638324,LEFT
1761218127.588371,2025-10-23T12:15:27.588371,-255.70000000000002,3.0999999999999943,-282.9000000000001,2872,03F6380735,9.439945220947266,100.0,100.01893401947295,98.96786628747488,122.79914807547286,LEFT
1761218127.598879,2025-10-23T12:15:27.598879,-252.10000000000002,3.5999999999999943,-279.30000000000007,2873,27F63C0726,10.508060455322266,100.0,99.97983385576201,98.94113696566883,128.48565264387835,LEFT
1761218127.608398,2025-10-23T12:15:27.608398,-248.9,3.200000000000017,-276.1,2874,47F63E0777,9.518861770629883,100.0,100.1411998405115,98.82021573588148,133.60544732981478,LEFT
1761218127.618869,2025-10-23T12:15:27.618869,-245.5,3.4000000000000057,-272.70000000000005,2875,69F64107C8,10.471105575561523,100.0,100.06498742717544,98.86994313669048,138.46713131400557,LEFT
1761218127.628396,2025-10-23T12:15:27.628396,-242.20000000000002,3.299999999999983,-269.4000000000001,2876,8AF6430729,9.526968002319336,100.0,99.96791915436225,98.90121500652614,143.8307895766164,LEFT
1761218127.638898,2025-10-23T12:15:27.638898,-239.0,3.200000000000017,-266.20000000000005,2877,AAF644074A,10.501861572265625,100.0,99.99508881847939,98.90129604066595,148.41638063611745,LEFT
1761218127.648448,2025-10-23T12:15:27.648448,-235.8,3.1999999999999886,-263.00000000000006,2878,CAF646071B,9.550094604492188,100.0,100.09913726238918,98.77780663091906,153.60795420178195,LEFT
1761218127.658916,2025-10-23T12:15:27.658916,-232.4,3.4000000000000057,-259.6,2879,ECF647073C,10.468006134033203,100.0,99.89220806748547,98.81471330016656,158.2304557102208,LEFT
1761218127.668859,2025-10-23T12:15:27.668859,-229.3,3.0999999999999943,-256.5,2880,0BF748075D,9.943008422851562,100.0,99.54512551412493,98.4425660286412,163.13011793076228,LEFT
1761218127.678917,2025-10-23T12:15:27.678917,-225.9,3.4000000000000057,-253.1,2881,2DF749073E,10.057926177978516,100.0,100.01416406952316,98.93319377790547,168.02885262097,LEFT
1761218127.688573,2025-10-23T12:15:27.688573,-222.70000000000002,3.1999999999999886,-249.9,2882,4DF74A077F,9.655952453613281,100.0,99.79856142496496,98.75109304470365,172.9828865251508,LEFT
1761218127.698966,2025-10-23T12:15:27.698966,-219.60000000000002,3.0999999999999943,-246.8,2883,6CF74A07B0,10.393142700195312,100.0,99.91314808418394,98.81758830077942,177.36426403962724,LEFT
1761218127.708445,2025-10-23T12:15:27.708445,-216.3,3.3000000000000114,-243.5,2884,8DF74B0741,9.479045867919922,100.0,99.95291067326299,98.87736193125062,182.62376164134568,LEFT
1761218127.719001,2025-10-23T12:15:27.719001,-213.0,3.3000000000000114,-240.2,2885,AEF74C0712,10.55598258972168,100.0,99.86818545468398,98.76320954118626,187.6038439062146,LEFT
1761218127.728557,2025-10-23T12:15:27.728557,-209.60000000000002,3.3999999999999773,-236.8,2886,D0F74D0783,9.556055068969727,100.0,99.83918344417837,98.71294340460987,192.98427980553643,LEFT
1761218127.738895,2025-10-23T12:15:27.738895,-206.3,3.3000000000000114,-233.5,2887,F1F74E07F4,10.33782958984375,100.0,100.00295647778589,98.92562061649451,197.36212516576123,LEFT
1761218127.748475,2025-10-23T12:15:27.748475,-203.10000000000002,3.1999999999999886,-230.3,2888,11F84E07F5,9.580135345458984,100.0,99.97292298304826,98.8748322917544,202.64706643288523,LEFT
1761218127.758924,2025-10-23T12:15:27.758924,-200.10000000000002,3.0,-227.3,2889,2FF84E0716,10.448932647705078,100.0,99.99198977743025,98.91501149970317,206.9374625222968,LEFT
1761218127.768415,2025-10-23T12:15:27.768415,-197.0,3.1000000000000227,-224.2,2890,4EF84D0747,9.490966796875,100.0,100.44601118859683,98.52427596703933,211.4592793606397,LEFT
1761218127.77887,2025-10-23T12:15:27.778870,-194.0,3.0,-221.2,2891,6CF84D07B8,10.455131530761719,100.0,100.0468473453966,98.9505377413193,215.63066100001652,LEFT
1761218127.788576,2025-10-23T12:15:27.788576,-191.0,3.0,-218.2,2892,8AF84D0729,9.705781936645508,100.0,99.99699601614522,99.00109950455811,220.15553505112828,LEFT
1761218127.798887,2025-10-23T12:15:27.798887,-188.20000000000002,2.799999999999983,-215.4,2893,A6F84C07EA,10.311126708984375,100.0,100.07907439530995,98.90482347660954,224.10731464937805,LEFT
1761218127.808708,2025-10-23T12:15:27.808708,-185.5,2.700000000000017,-212.7,2894,C1F84A078B,9.820938110351562,100.0,99.73780892343764,98.80301650058354,228.24477650007913,LEFT
1761218127.818905,2025-10-23T12:15:27.818905,-182.8,2.6999999999999886,-210.0,2895,DCF84A073C,10.197162628173828,100.0,100.09603176876008,98.99984462892571,232.05260857051738,LEFT
1761218127.828501,2025-10-23T12:15:27.828501,-180.4,2.4000000000000057,-207.6,2896,F4F84807AD,9.595870971679688,100.0,100.05615524994334,99.09169430276546,235.4940356033812,LEFT
1761218127.838979,2025-10-23T12:15:27.838979,-178.3,2.0999999999999943,-205.5,2897,09F945077E,10.478019714355469,100.0,99.91600422122859,99.11460828145157,237.70403462597488,LEFT
1761218127.848541,2025-10-23T12:15:27.848541,-176.10000000000002,2.1999999999999886,-203.3,2898,1FF944070F,9.562015533447266,100.0,99.93409688187235,99.10805039607176,241.46604596839737,LEFT
1761218127.858818,2025-10-23T12:15:27.858818,-174.10000000000002,2.0,-201.3,2899,33F9420770,10.277032852172852,100.0,100.10606559646385,99.07260067313872,244.11929767919048,LEFT
1761218127.87895,2025-10-23T12:15:27.878950,-170.4,3.700000000000017,-197.6,2901,58F93D0702,10.016202926635742,100.0,99.92005069491097,99.04846555348229,248.94274561806884,LEFT
1761218127.898952,2025-10-23T12:15:27.898952,-167.3,3.0999999999999943,-194.5,2903,77F93807E4,10.447025299072266,100.0,99.9350493086778,98.75932140659074,252.8192512453966,LEFT
1761218127.918906,2025-10-23T12:15:27.918906,-164.3,3.0,-191.5,2905,95F93407C6,10.478019714355469,100.0,99.99914170048208,98.5259806999311,255.9041693526667,LEFT
1761218127.938861,2025-10-23T12:15:27.938861,-161.5,2.8000000000000114,-188.7,2907,B1F9300708,10.289907455444336,100.0,100.11825223483356,98.16242733571978,256.842917232497,LEFT
1761218127.958841,2025-10-23T12:15:27.958841,-158.60000000000002,2.8999999999999773,-185.8,2909,CEF92D076A,10.290145874023438,100.0,99.97697406841515,97.93947193338336,257.4115619219026,LEFT
1761218127.978919,2025-10-23T12:15:27.978919,-156.10000000000002,2.5,-183.3,2911,E7F92A07CC,10.32710075378418,100.0,100.03109945146673,97.66712480025123,255.23462342303105,LEFT
1761218127.998934,2025-10-23T12:15:27.998934,-153.5,2.6000000000000227,-180.7,2913,01FA28077E,10.46299934387207,100.0,100.01797999308462,97.34682131390565,252.449520386841,LEFT
1761218128.018964,2025-10-23T12:15:28.018964,-151.4,2.0999999999999943,-178.6,2915,16FA250720,10.509014129638672,100.0,99.94195494598188,96.96747470043915,247.45204444129104,LEFT
1761218128.038919,2025-10-23T12:15:28.038919,-148.8,2.5999999999999943,-176.0,2917,30FA240752,10.428905487060547,100.0,99.94195494598188,96.79192163668915,242.06115747563288,LEFT
1761218128.058811,2025-10-23T12:15:28.058811,-146.6,2.200000000000017,-173.79999999999998,2919,46FA220744,10.289907455444336,100.0,100.03014519298647,96.57067862525695,234.70210391827797,LEFT
1761218128.078898,2025-10-23T12:15:28.078898,-144.1,2.5,-171.29999999999998,2921,5FFA2107D6,10.113954544067383,100.0,100.02108064539206,96.40474674245073,227.51045188170232,LEFT
1761218128.098864,2025-10-23T12:15:28.098864,-141.5,2.5999999999999943,-168.7,2923,79FA210778,10.215044021606445,100.0,100.07000097820044,96.4656485146156,218.97537075313394,LEFT
1761218128.118964,2025-10-23T12:15:28.118964,-138.9,2.5999999999999943,-166.1,2925,93FA21071A,10.542869567871094,100.0,100.00009536752259,96.58597040544302,210.57226786081395,LEFT
1761218128.138933,2025-10-23T12:15:28.138933,-136.1,2.8000000000000114,-163.29999999999998,2927,AFFA21078C,10.241985321044922,100.0,99.98603062297224,96.52431251501494,203.26821323489742,LEFT
1761218128.158819,2025-10-23T12:15:28.158819,-133.3,2.799999999999983,-160.5,2929,CBFA21078E,10.390043258666992,100.0,99.99198977743025,96.54746630181533,195.93437989801663,LEFT
1761218128.178851,2025-10-23T12:15:28.178851,-130.3,3.0,-157.5,2931,E9FA220750,10.351896286010742,100.0,100.04708598798281,96.48147460934102,188.4645016594736,LEFT
1761218128.198885,2025-10-23T12:15:28.198885,-127.5,2.8000000000000114,-154.7,2933,05FB220742,10.406970977783203,100.0,99.9791188935874,96.48640833064546,181.0619435367278,LEFT
1761218128.219077,2025-10-23T12:15:28.219077,-124.5,3.0,-151.7,2935,23FB230774,10.622024536132812,100.0,99.88697443469356,96.54146224068847,173.48935807017634,LEFT
1761218128.23898,2025-10-23T12:15:28.238980,-121.5,3.0,-148.7,2937,41FB240766,10.125160217285156,100.0,99.95291067326299,96.7443072511895,166.35916721065738,LEFT
1761218128.258833,2025-10-23T12:15:28.258833,-118.30000000000001,3.1999999999999886,-145.5,2939,61FB2407A8,10.316848754882812,100.0,99.98603062297224,96.92481458550719,160.4753635701583,LEFT
1761218128.27891,2025-10-23T12:15:28.278910,-115.2,3.1000000000000085,-142.39999999999998,2941,80FB25076A,10.161876678466797,100.0,99.94100238754474,97.10409113092724,154.58849426969624,LEFT
1761218128.298865,2025-10-23T12:15:28.298865,-112.10000000000001,3.0999999999999943,-139.29999999999998,2943,9FFB2507EC,10.171175003051758,100.0,100.0198880640615,97.44433869315708,149.74789898962382,LEFT
1761218128.318903,2025-10-23T12:15:28.318903,-108.7,3.4000000000000057,-135.89999999999998,2945,C1FB26074E,10.500907897949219,100.0,100.1744447098161,97.59069939822845,146.20658652969647,LEFT
1761218128.338913,2025-10-23T12:15:28.338913,-105.4,3.299999999999997,-132.59999999999997,2947,E2FB2707A0,10.225057601928711,100.0,100.06713603038537,97.94929435396577,144.17627492440818,LEFT
1761218128.358892,2025-10-23T12:15:28.358892,-101.80000000000001,3.5999999999999943,-128.99999999999997,2949,06FC2807A2,10.376930236816406,100.0,99.94100238754474,98.16127177755182,143.6857712747192,LEFT
1761218128.378964,2025-10-23T12:15:28.378964,-98.30000000000001,3.5,-125.49999999999997,2951,29FC290704,10.475873947143555,100.0,99.94600352192386,98.28540222442884,143.94680288206794,LEFT
1761218128.398758,2025-10-23T12:15:28.398758,-94.9,3.4000000000000057,-122.09999999999997,2953,4BFC290766,10.234832763671875,100.0,100.10726023375761,98.25911104791263,144.5965018844273,LEFT
1761218128.408525,2025-10-23T12:15:28.408525,-92.9,2.0,-120.09999999999997,2954,5FFC2B0707,9.76705551147461,100.0,99.87722230953503,98.27331065823856,145.82766921291326,LEFT
1761218128.428455,2025-10-23T12:15:28.428455,-89.30000000000001,3.5999999999999943,-116.49999999999997,2956,83FC2A07E9,9.52601432800293,100.0,100.23333508581588,98.23982723689845,147.4690608797535,LEFT
1761218128.448569,2025-10-23T12:15:28.448569,-85.7,3.6000000000000085,-112.89999999999996,2958,A7FC2B07BB,9.593963623046875,100.0,99.94600352192386,98.48644142436328,148.85814958414232,LEFT
1761218128.468685,2025-10-23T12:15:28.468685,-82.30000000000001,3.3999999999999915,-109.49999999999997,2960,C9FC2B075D,9.618997573852539,100.0,99.80354831340897,98.43411355720114,150.6842404466498,LEFT
1761218128.488552,2025-10-23T12:15:28.488552,-78.80000000000001,3.5,-105.99999999999997,2962,ECFC2B070F,9.644031524658203,100.0,99.97101670353139,98.59813294876679,152.56790067427698,LEFT
1761218128.508502,2025-10-23T12:15:28.508502,-75.2,3.6000000000000085,-102.39999999999996,2964,10FD2B07C1,9.608030319213867,100.0,100.02298883467594,98.57822042433546,155.65698088562104,LEFT
1761218128.528572,2025-10-23T12:15:28.528572,-71.7,3.5,-98.89999999999996,2966,33FD2B07F3,9.672164916992188,100.0,99.8831685007418,98.51042376360915,157.4584095271391,LEFT
1761218128.548411,2025-10-23T12:15:28.548411,-68.3,3.4000000000000057,-95.49999999999996,2968,55FD2B0795,9.489774703979492,100.0,100.15841744932146,98.36315432750139,159.9264891545343,LEFT
1761218128.568667,2025-10-23T12:15:28.568667,-64.9,3.3999999999999915,-92.09999999999997,2970,77FD2B07B7,9.769916534423828,100.0,100.01797999308462,98.4791424610361,161.70889321598253,LEFT
1761218128.588713,2025-10-23T12:15:28.588713,-61.6,3.3000000000000043,-88.79999999999995,2972,98FD2B0749,9.739875793457031,100.0,99.83942109710668,98.29514518887399,163.11153868804985,LEFT
1761218128.608368,2025-10-23T12:15:28.608368,-58.5,3.1000000000000014,-85.69999999999996,2974,B7FD29079B,9.593009948730469,100.0,100.13426664247447,98.26941464716538,164.28146493243807,LEFT
1761218128.628749,2025-10-23T12:15:28.628749,-55.5,3.0,-82.69999999999996,2976,D5FD2807AD,9.759902954101562,100.0,99.82350085203203,98.17543635866156,164.55160338331132,LEFT
1761218128.648472,2025-10-23T12:15:28.648472,-52.300000000000004,3.1999999999999957,-79.49999999999997,2978,F5FD2807AF,9.556055068969727,100.0,99.93885919744953,98.29777293517165,165.4232317989399,LEFT
1761218128.66858,2025-10-23T12:15:28.668580,-49.300000000000004,3.0,-76.49999999999997,2980,13FE2807F1,9.585142135620117,100.0,100.08695527673446,98.2701299194906,165.3975413726776,LEFT
1761218128.688707,2025-10-23T12:15:28.688707,-46.300000000000004,3.0,-73.49999999999997,2982,31FE270723,9.796142578125,100.0,100.00581775177274,98.30215954136418,165.77445531995463,LEFT
1761218128.708443,2025-10-23T12:15:28.708443,-43.300000000000004,3.0,-70.49999999999997,2984,4FFE2607C5,9.721040725708008,100.0,99.92504973257573,98.18970275230039,165.92903984265416,LEFT
1761218128.728739,2025-10-23T12:15:28.728739,-40.300000000000004,3.0,-67.49999999999997,2986,6DFE2607E7,9.707927703857422,100.0,100.00987150354445,98.22404132462994,165.7958409072543,LEFT
1761218128.748684,2025-10-23T12:15:28.748684,-37.5,2.8000000000000043,-64.69999999999996,2988,89FE250799,9.680032730102539,100.0,99.78858914300805,98.05494421564318,164.94811757513932,LEFT
1761218128.768546,2025-10-23T12:15:28.768546,-34.7,2.799999999999997,-61.89999999999996,2990,A5FE25075B,9.685039520263672,100.0,100.03396233615081,98.16305730532568,164.407784453589,LEFT
1761218128.788443,2025-10-23T12:15:28.788443,-31.900000000000002,2.8000000000000007,-59.099999999999966,2992,C1FE24070D,9.544134140014648,100.0,100.26472367046517,97.87618951361392,163.81454759552147,LEFT
1761218128.808501,2025-10-23T12:15:28.808501,-29.3,2.6000000000000014,-56.499999999999964,2994,DBFE24079F,9.66191291809082,100.0,99.94195494598188,98.02917430391975,162.17385322686914,LEFT
1761218128.828411,2025-10-23T12:15:28.828411,-26.900000000000002,2.3999999999999986,-54.099999999999966,2996,F3FE2207B1,9.530067443847656,100.0,100.32899977275717,97.71114810737498,160.36833204747543,LEFT
1761218128.848449,2025-10-23T12:15:28.848449,-24.3,2.6000000000000014,-51.499999999999964,2998,0DFF2107A3,9.421110153198242,100.0,100.23549092473324,97.83776877972404,158.3063782081096,LEFT
1761218128.868457,2025-10-23T12:15:28.868457,-21.6,2.6999999999999993,-48.79999999999997,3000,28FF220785,9.593009948730469,100.0,100.08910482344884,97.9127171467143,156.6926991261435,LEFT
1761218128.888608,2025-10-23T12:15:28.888608,-19.200000000000003,2.3999999999999986,-46.39999999999997,3002,40FF210777,9.63902473449707,100.0,99.83538115118941,97.80434124698868,154.5370892347828,LEFT
1761218128.908536,2025-10-23T12:15:28.908536,-16.6,2.6000000000000014,-43.79999999999997,3004,5AFF200739,9.979963302612305,100.0,99.96506004857272,97.98642493786038,152.1629014978866,LEFT
1761218128.928549,2025-10-23T12:15:28.928549,-14.0,2.6000000000000014,-41.19999999999997,3006,74FF2107CB,9.572029113769531,100.0,99.86224104721566,97.8853881807606,150.33479450400358,LEFT
1761218128.94848,2025-10-23T12:15:28.948480,-11.600000000000001,2.3999999999999986,-38.79999999999997,3008,8CFF2007CD,9.525775909423828,100.0,99.96911049671084,97.98533149809302,147.93202370867195,LEFT
1761218128.96854,2025-10-23T12:15:28.968540,-9.3,2.3000000000000007,-36.49999999999997,3010,A3FF1F07FF,9.76705551147461,100.0,99.91719432652498,97.9580495222792,145.41536462860302,LEFT
1761218128.988531,2025-10-23T12:15:28.988531,-6.7,2.6000000000000005,-33.89999999999997,3012,BDFF200721,9.597063064575195,100.0,100.07692527940293,97.9894033104363,143.37147812690054,LEFT
1761218129.008585,2025-10-23T12:15:29.008585,-4.5,2.2,-31.69999999999997,3014,D3FF1E0753,9.615898132324219,100.0,99.95100515685023,98.01519261458508,140.90689268353483,LEFT
1761218129.028494,2025-10-23T12:15:29.028494,-2.4000000000000004,2.0999999999999996,-29.599999999999973,3016,E8FF1D0785,9.527921676635742,100.0,100.05520051336,98.0089009216006,138.0795768224379,LEFT
1761218129.048663,2025-10-23T12:15:29.048663,-0.2,2.2,-27.399999999999974,3018,FEFF1D07D7,9.66787338256836,100.0,99.81732421382301,97.94284054319392,135.5749805644654,LEFT
1761218129.078883,2025-10-23T12:15:29.078883,2.1,2.3000000000000003,-25.099999999999973,3021,15001A072A,10.237932205200195,100.0,100.05114308614175,98.23912804687431,129.95491307549605,LEFT
1761218129.108494,2025-10-23T12:15:29.108494,4.1000000000000005,2.0000000000000004,-23.099999999999973,3024,290016076D,9.568929672241211,100.0,100.0910156091531,98.1649224360764,124.81995779133646,LEFT
1761218129.158975,2025-10-23T12:15:29.158975,6.1000000000000005,2.0,-21.099999999999973,3029,3D001007A2,10.454893112182617,100.0,99.91410011172226,98.22289144512774,112.97019571046229,LEFT
1761218129.798999,2025-10-23T12:15:29.798999,3.1,-3.0000000000000004,-24.099999999999973,3093,1F00020792,10.400056838989258,100.0,99.51819978598257,99.25223321345337,-3.0582349561397977,RIGHT
1761218130.908571,2025-10-23T12:15:30.908571,0.1,-3.0,-27.099999999999973,3204,0100010761,9.591102600097656,100.0,99.99699601614522,99.77359637796476,-1.22556255204757,RIGHT
1761218133.339281,2025-10-23T12:15:33.339281,-2.9000000000000004,-3.0000000000000004,-30.099999999999973,3447,E3FF0107F4,10.750055313110352,100.0,99.99389685688129,99.65275243414055,-2.6503234285958714,RIGHT
1761218139.439417,2025-10-23T12:15:39.439417,0.1,3.0000000000000004,-27.099999999999973,4057,0100000706,10.583877563476562,100.0,99.97006359103433,99.6353593205171,0.20378683712130416,STABLE
