timestamp,iso_time,cumulative_distance_m,steering_angle_deg,angle_change_deg,distance_increment_m,vehicle_speed_mps,wheel_speed_FL_kmh,wheel_speed_FR_kmh,wheel_speed_RL_kmh,wheel_speed_RR_kmh,yaw_rate_deg_s,lateral_accel_mps2,longitudinal_accel_mps2,signal_quality_score,data_completeness,message_count
1761127496.067351,2025-10-22T11:04:56.067351,0.0,-1.7000000000000002,0.0,0.0,0.0,0.0,0.0,0.0,0.0,,,,,33.33333333333333,1
1761127498.686939,2025-10-22T11:04:58.686939,0.5147592826849885,-1.5,0.20000000000000018,0.5147592826849885,0.7378472222222222,2.65625,2.65625,2.65625,2.65625,-0.13000000000000256,0.0,0.4399999999999995,,100.0,263
1761127499.307205,2025-10-22T11:04:59.307205,1.0246265048368108,-1.5,0.0,0.5098672221518223,0.8984375,3.3125,3.28125,3.28125,3.1875,-0.3999999999999986,0.0,0.35999999999999943,,100.0,325
1761127499.826819,2025-10-22T11:04:59.826819,1.5272083537032208,-1.1,0.3999999999999999,0.50258184886641,1.0243055555555556,3.71875,3.625,3.71875,3.65625,-0.3100000000000023,0.0,0.129999999999999,,100.0,377
1761127500.306811,2025-10-22T11:05:00.306811,2.033636051540574,-1.1,0.0,0.5064276978373532,1.089409722222222,4.0,4.0,3.9375,3.90625,0.0899999999999963,0.11999999999999922,0.3100000000000005,,100.0,425
1761127500.766702,2025-10-22T11:05:00.766702,2.556773599030243,-0.7000000000000001,0.4,0.5231375474896689,1.171875,4.28125,4.25,4.28125,4.15625,-0.4200000000000017,-0.02999999999999936,0.2400000000000002,,100.0,471
1761127501.186885,2025-10-22T11:05:01.186885,3.05927414033148,-0.7000000000000001,0.0,0.5025005413012371,1.2196180555555556,4.5,4.4375,4.46875,4.3125,-0.38000000000000256,0.0,0.20999999999999908,,100.0,513
1761127501.606865,2025-10-22T11:05:01.606865,3.581694773294858,-0.7000000000000001,0.0,0.522420632963378,1.2673611111111112,4.59375,4.625,4.59375,4.53125,-0.14999999999999858,-0.02999999999999936,0.22000000000000064,,100.0,555
1761127502.006858,2025-10-22T11:05:02.006858,4.095606398251321,-0.6000000000000001,0.09999999999999998,0.5139116249564628,1.3064236111111112,4.75,4.78125,4.75,4.65625,-0.19000000000000483,-0.0600000000000005,0.23000000000000043,,100.0,595
1761127502.386926,2025-10-22T11:05:02.386926,4.596440198106896,-0.2,0.4000000000000001,0.5008337998555747,1.3411458333333333,4.84375,4.875,4.875,4.78125,-0.0800000000000054,0.02999999999999936,0.0600000000000005,,100.0,633
1761127502.766904,2025-10-22T11:05:02.766904,5.110899439702429,0.0,0.2,0.5144592415955334,1.3671875,5.0,4.96875,4.9375,4.90625,0.1599999999999966,0.0,0.17999999999999972,,100.0,671
1761127503.146941,2025-10-22T11:05:03.146941,5.638532219454645,-0.2,-0.2,0.5276327797522162,1.401909722222222,5.0625,5.09375,5.09375,5.0,0.01999999999999602,-0.0600000000000005,0.15000000000000036,,100.0,709
1761127503.506926,2025-10-22T11:05:03.506926,6.14832896946205,0.0,0.2,0.5097967500074052,1.4279513888888888,5.25,5.21875,5.21875,5.0625,-0.4299999999999997,-0.15000000000000036,0.07000000000000028,,100.0,745
1761127503.866849,2025-10-22T11:05:03.866849,6.6672560945153245,0.0,0.0,0.5189271250532741,1.4453125,5.34375,5.21875,5.21875,5.1875,-0.30000000000000426,-0.019999999999999574,0.11999999999999922,,100.0,781
1761127504.226972,2025-10-22T11:05:04.226972,7.190241827112105,0.0,0.0,0.5229857325967808,1.4583333333333333,5.375,5.28125,5.375,5.125,-0.7199999999999989,0.1899999999999995,0.15000000000000036,,100.0,817
1761127504.587014,2025-10-22T11:05:04.587014,7.717522176810435,0.0,0.0,0.52728034969833,1.480034722222222,5.34375,5.375,5.375,5.28125,-0.6200000000000045,0.009999999999999787,0.16000000000000014,,100.0,853
1761127504.926867,2025-10-22T11:05:04.926867,8.222504076030518,0.0,0.0,0.5049818992200823,1.4930555555555556,5.46875,5.4375,5.4375,5.3125,-0.09000000000000341,0.0,0.07000000000000028,,100.0,887
1761127505.266722,2025-10-22T11:05:05.266722,8.734051140232216,0.0,0.0,0.5115470642016984,1.5060763888888888,5.5625,5.5625,5.4375,5.40625,0.01999999999999602,-0.3000000000000007,0.08999999999999986,,100.0,921
1761127505.607002,2025-10-22T11:05:05.607002,9.251002407529285,0.0,0.0,0.5169512672970686,1.519097222222222,5.625,5.59375,5.5,5.4375,-0.14000000000000057,0.14000000000000057,0.049999999999998934,,100.0,955
1761127505.946947,2025-10-22T11:05:05.946947,9.771598837234906,-0.2,-0.2,0.5205964297056216,1.5407986111111112,5.625,5.5625,5.59375,5.5,0.00999999999999801,-0.2400000000000002,0.10999999999999943,,100.0,989
1761127506.286891,2025-10-22T11:05:06.286891,10.298432459433872,0.0,0.2,0.526833622198966,1.5711805555555556,5.71875,5.6875,5.75,5.5625,-0.21000000000000085,0.049999999999998934,0.14000000000000057,,100.0,1023
1761127506.606791,2025-10-22T11:05:06.606791,10.803408558583921,0.0,0.0,0.5049760991500492,1.5928819444444444,5.8125,5.8125,5.78125,5.6875,-0.3300000000000054,0.0,0.0,,100.0,1055
1761127506.926913,2025-10-22T11:05:06.926913,11.315815460143819,0.0,0.0,0.5124069015598973,1.6059027777777777,5.875,5.9375,5.78125,5.78125,0.01999999999999602,-0.16000000000000014,0.0,,100.0,1087
1761127507.246922,2025-10-22T11:05:07.246922,11.83504402430521,0.1,0.1,0.5192285641613914,1.6319444444444444,6.0,5.90625,5.90625,5.84375,-0.4299999999999997,0.15000000000000036,0.0,,100.0,1119
1761127507.566886,2025-10-22T11:05:07.566886,12.360813681864077,0.1,0.0,0.5257696575588664,1.6536458333333333,6.03125,6.0,5.96875,5.9375,-0.39000000000000057,-0.08000000000000007,-0.009999999999999787,,100.0,1151
1761127507.866932,2025-10-22T11:05:07.866932,12.861528642889528,0.4,0.30000000000000004,0.5007149610254515,1.6840277777777777,6.15625,6.09375,6.125,6.0,-0.5100000000000051,-0.019999999999999574,0.0,,100.0,1181
1761127508.166909,2025-10-22T11:05:08.166909,13.365505132824184,0.30000000000000004,-0.09999999999999998,0.5039764899346562,1.6883680555555556,6.21875,6.125,6.125,6.03125,-0.4299999999999997,-0.08999999999999986,0.009999999999999787,,100.0,1211
1761127508.466889,2025-10-22T11:05:08.466889,13.876248767806429,1.0,0.7,0.5107436349822443,1.7100694444444444,6.28125,6.21875,6.21875,6.09375,-0.10000000000000142,-0.25,-0.019999999999999574,,100.0,1241
1761127508.766901,2025-10-22T11:05:08.766901,14.38880875292752,1.4000000000000001,0.40000000000000013,0.5125599851210918,1.714409722222222,6.28125,6.25,6.21875,6.125,-0.060000000000002274,-0.009999999999999787,0.09999999999999964,,100.0,1271
1761127509.066893,2025-10-22T11:05:09.066893,14.903427694613738,1.5,0.09999999999999987,0.5146189416862175,1.71875,6.28125,6.21875,6.21875,6.15625,-0.1700000000000017,-0.15000000000000036,0.02999999999999936,,100.0,1301
1761127509.366951,2025-10-22T11:05:09.366951,15.415899317918557,1.5,0.0,0.512471623304819,1.714409722222222,6.25,6.21875,6.21875,6.125,0.21999999999999886,-0.17999999999999972,0.11999999999999922,,100.0,1331
1761127509.666868,2025-10-22T11:05:09.666868,15.928760394454006,1.2000000000000002,-0.2999999999999998,0.5128610765354491,1.714409722222222,6.3125,6.21875,6.1875,6.15625,-0.13000000000000256,0.019999999999999574,0.07000000000000028,,100.0,1361
1761127509.966923,2025-10-22T11:05:09.966923,16.444793888885116,1.0,-0.20000000000000018,0.5160334944311096,1.714409722222222,6.3125,6.3125,6.15625,6.1875,-0.0800000000000054,-0.120000000000001,0.019999999999999574,,100.0,1391
1761127510.266872,2025-10-22T11:05:10.266872,16.958057807965414,1.0,0.0,0.5132639190802983,1.7057291666666665,6.28125,6.21875,6.15625,6.125,-0.20000000000000284,-0.05000000000000071,0.02999999999999936,,100.0,1421
1761127510.566874,2025-10-22T11:05:10.566874,17.469797807021276,1.0,0.0,0.5117399990558624,1.7057291666666665,6.25,6.21875,6.1875,6.09375,-0.19000000000000483,-0.16000000000000014,0.049999999999998934,,100.0,1451
1761127510.866865,2025-10-22T11:05:10.866865,17.980373607327543,1.2000000000000002,0.20000000000000018,0.5105758003062668,1.7100694444444444,6.21875,6.25,6.125,6.1875,0.05999999999999517,-0.009999999999999787,0.08000000000000007,,100.0,1481
1761127511.167012,2025-10-22T11:05:11.167012,18.49332050420344,1.1,-0.10000000000000009,0.5129468968758957,1.7230902777777777,6.28125,6.25,6.25,6.15625,-0.12000000000000455,0.0,0.08000000000000007,,100.0,1511
1761127511.466845,2025-10-22T11:05:11.466845,19.009124997796278,1.0,-0.10000000000000009,0.5158044935928388,1.7274305555555556,6.28125,6.28125,6.28125,6.15625,-0.20000000000000284,-0.10999999999999943,0.07000000000000028,,100.0,1541
1761127511.766835,2025-10-22T11:05:11.766835,19.525540962608318,1.0,0.0,0.5164159648120403,1.7274305555555556,6.3125,6.375,6.28125,6.15625,-0.060000000000002274,-0.10999999999999943,-0.0600000000000005,,100.0,1571
1761127512.066979,2025-10-22T11:05:12.066979,20.046042723374224,1.0,0.0,0.5205017607659066,1.7361111111111112,6.375,6.34375,6.28125,6.21875,-0.020000000000003126,-0.0600000000000005,0.0,,100.0,1601
1761127512.366931,2025-10-22T11:05:12.366931,20.569031654546638,1.0,0.0,0.5229889311724136,1.7447916666666665,6.40625,6.375,6.34375,6.21875,0.12999999999999545,-0.040000000000000924,-0.02999999999999936,,100.0,1631
1761127512.666929,2025-10-22T11:05:12.666929,21.09541334936186,1.0,0.0,0.5263816948152211,1.7621527777777777,6.4375,6.40625,6.375,6.3125,0.01999999999999602,-0.019999999999999574,0.11999999999999922,,100.0,1661
1761127512.966858,2025-10-22T11:05:12.966858,21.62558411454986,0.9,-0.09999999999999998,0.5301707651880001,1.7751736111111112,6.53125,6.46875,6.4375,6.34375,-0.12000000000000455,-0.009999999999999787,0.08000000000000007,,100.0,1691
1761127513.266801,2025-10-22T11:05:13.266801,22.160084915036922,1.0,0.09999999999999998,0.5345008004870628,1.792534722222222,6.53125,6.53125,6.46875,6.4375,-0.1700000000000017,-0.15000000000000036,0.02999999999999936,,100.0,1721
1761127513.546848,2025-10-22T11:05:13.546848,22.66487960910628,1.0,0.0,0.5047946940693571,1.796875,6.65625,6.625,6.53125,6.40625,-0.3200000000000003,-0.0600000000000005,0.019999999999999574,,100.0,1749
1761127513.826839,2025-10-22T11:05:13.826839,23.174083124225305,1.0,0.0,0.509203515119026,1.8185763888888888,6.71875,6.625,6.625,6.46875,-0.3400000000000034,-0.02999999999999936,0.049999999999998934,,100.0,1777
1761127514.106785,2025-10-22T11:05:14.106785,23.683947858711054,1.0,0.0,0.509864734485749,1.8185763888888888,6.6875,6.625,6.59375,6.5,-0.010000000000005116,-0.040000000000000924,-0.02999999999999936,,100.0,1805
1761127514.386908,2025-10-22T11:05:14.386908,24.196170961691244,0.9,-0.09999999999999998,0.5122231029801902,1.8272569444444444,6.6875,6.6875,6.625,6.53125,0.10999999999999943,-0.09999999999999964,0.08000000000000007,,100.0,1833
1761127514.666871,2025-10-22T11:05:14.666871,24.71171264329715,0.9,0.0,0.5155416816059066,1.8359375,6.75,6.71875,6.625,6.59375,0.12999999999999545,0.0,0.0,,100.0,1861
1761127514.946967,2025-10-22T11:05:14.946967,25.229120211054852,2.2,1.3000000000000003,0.5174075677577008,1.8402777777777777,6.78125,6.6875,6.625,6.625,0.10000000000000142,-0.20000000000000107,0.08999999999999986,,100.0,1889
1761127515.116433,2025-10-22T11:05:15.116433,25.52099689220386,7.2,5.0,0.29187668114900944,1.8142361111111112,6.71875,6.71875,6.5625,6.5,-0.2600000000000051,0.0,-0.08000000000000007,,100.0,1906
1761127515.216662,2025-10-22T11:05:15.216662,25.70346914749176,12.5,5.3,0.18247225528789812,1.8229166666666665,6.625,6.71875,6.59375,6.53125,0.36999999999999744,-0.120000000000001,-0.05000000000000071,,100.0,1916
1761127515.316723,2025-10-22T11:05:15.316723,25.886686158676916,18.0,5.5,0.18321701118515676,1.8402777777777777,6.625,6.59375,6.625,6.625,0.8900000000000006,0.0,0.22000000000000064,,100.0,1926
1761127515.436558,2025-10-22T11:05:15.436558,26.10658862317599,23.200000000000003,5.200000000000003,0.21990246449907502,1.8359375,6.6875,6.71875,6.6875,6.53125,0.14999999999999858,0.08000000000000007,0.0600000000000005,,100.0,1938
1761127515.576695,2025-10-22T11:05:15.576695,26.362328676299892,28.400000000000002,5.199999999999999,0.25574005312390113,1.8185763888888888,6.625,6.71875,6.5,6.59375,1.3799999999999955,0.1899999999999995,0.07000000000000028,,100.0,1952
1761127515.676371,2025-10-22T11:05:15.676371,26.544950360225283,33.5,5.099999999999998,0.18262168392539024,1.831597222222222,6.625,6.6875,6.5625,6.625,1.4099999999999966,0.0,-0.040000000000000924,,100.0,1962
1761127515.766896,2025-10-22T11:05:15.766896,26.728227957048322,39.2,5.700000000000003,0.18327759682303935,1.8402777777777777,6.65625,6.75,6.5625,6.6875,0.9899999999999949,0.009999999999999787,0.0,,100.0,1971
1761127515.846757,2025-10-22T11:05:15.846757,26.875533412934978,44.6,5.399999999999999,0.14730545588665578,1.8446180555555556,6.65625,6.75,6.5625,6.71875,1.7299999999999969,0.02999999999999936,0.20999999999999908,,100.0,1979
1761127515.926617,2025-10-22T11:05:15.926617,27.021265605257593,49.800000000000004,5.200000000000003,0.14573219232261536,1.8185763888888888,6.59375,6.875,6.5,6.59375,2.3999999999999986,0.0,0.0,,100.0,1987
1761127516.016604,2025-10-22T11:05:16.016604,27.166346246376605,54.800000000000004,5.0,0.1450806411190122,1.8229166666666665,6.53125,6.71875,6.5,6.625,2.219999999999999,0.29999999999999893,0.0,,100.0,1996
1761127516.116354,2025-10-22T11:05:16.116354,27.347511964746616,59.900000000000006,5.100000000000001,0.1811657183700106,1.8098958333333333,6.5625,6.78125,6.46875,6.5625,2.1000000000000014,0.22000000000000064,-0.02999999999999936,,100.0,2006
1761127516.316352,2025-10-22T11:05:16.316352,27.70825124449197,64.9,5.0,0.3607392797453528,1.8142361111111112,6.46875,6.625,6.46875,6.59375,2.6599999999999966,0.23000000000000043,0.08999999999999986,,100.0,2026
1761127516.546895,2025-10-22T11:05:16.546895,28.139203431912563,70.0,5.099999999999994,0.43095218742059416,1.7881944444444444,6.4375,6.71875,6.3125,6.5625,3.1400000000000006,0.03999999999999915,0.009999999999999787,,100.0,2049
1761127516.716472,2025-10-22T11:05:16.716472,28.4256387253602,75.3,5.299999999999997,0.28643529344763863,1.8098958333333333,6.4375,6.71875,6.375,6.65625,2.9499999999999957,0.2400000000000002,0.049999999999998934,,100.0,2066
1761127516.836629,2025-10-22T11:05:16.836629,28.64227555278271,80.9,5.6000000000000085,0.21663682742250856,1.8012152777777777,6.46875,6.8125,6.3125,6.65625,4.1299999999999955,-0.02999999999999936,0.03999999999999915,,100.0,2078
1761127516.936428,2025-10-22T11:05:16.936428,28.822011849325527,86.10000000000001,5.200000000000003,0.1797362965428171,1.8012152777777777,6.40625,6.78125,6.34375,6.625,3.6699999999999946,0.23000000000000043,-0.08000000000000007,,100.0,2088
1761127517.146746,2025-10-22T11:05:17.146746,29.220654463602397,91.10000000000001,5.0,0.39864261427687,1.8012152777777777,6.4375,6.8125,6.3125,6.65625,3.969999999999999,0.4900000000000002,0.03999999999999915,,100.0,2109
1761127517.236585,2025-10-22T11:05:17.236585,29.36436401059226,96.10000000000001,5.0,0.14370954698986438,1.8055555555555556,6.40625,6.8125,6.28125,6.71875,4.030000000000001,0.1999999999999993,-0.09999999999999964,,100.0,2118
1761127517.306665,2025-10-22T11:05:17.306665,29.509677814526647,101.9,5.799999999999997,0.14531380393438553,1.8142361111111112,6.46875,6.90625,6.34375,6.71875,4.640000000000001,0.0600000000000005,0.1899999999999995,,100.0,2125
1761127517.356361,2025-10-22T11:05:17.356361,29.581757387560234,106.9,5.0,0.07207957303358725,1.8055555555555556,6.5,6.8125,6.28125,6.71875,5.049999999999997,0.009999999999999787,0.16000000000000014,,100.0,2130
1761127517.41643,2025-10-22T11:05:17.416430,29.691491100109246,112.80000000000001,5.900000000000006,0.1097337125490121,1.8229166666666665,6.40625,6.875,6.375,6.75,4.960000000000001,0.08999999999999986,0.0600000000000005,,100.0,2136
1761127517.476395,2025-10-22T11:05:17.476395,29.80018095009853,118.0,5.199999999999989,0.10868984998928255,1.8185763888888888,6.46875,6.875,6.40625,6.6875,4.809999999999995,0.3200000000000003,-0.13000000000000078,,100.0,2142
1761127517.646689,2025-10-22T11:05:17.646689,30.12498963934676,123.30000000000001,5.300000000000011,0.3248086892482327,1.796875,6.09375,6.9375,6.1875,6.75,5.600000000000001,0.15000000000000036,-0.019999999999999574,,100.0,2159
1761127517.926774,2025-10-22T11:05:17.926774,30.63001967345672,122.5,-0.8000000000000114,0.5050300341099572,1.8098958333333333,6.40625,6.90625,6.3125,6.71875,5.149999999999999,0.03999999999999915,-0.009999999999999787,,100.0,2187
1761127518.066781,2025-10-22T11:05:18.066781,30.883010932140852,117.4,-5.099999999999994,0.2529912586841334,1.8012152777777777,6.34375,6.90625,6.28125,6.6875,5.489999999999995,0.4299999999999997,-0.07000000000000028,,100.0,2201
1761127518.346838,2025-10-22T11:05:18.346838,31.38549956596557,119.0,1.5999999999999943,0.5024886338247185,1.792534722222222,6.40625,6.875,6.25,6.65625,5.159999999999997,-0.33000000000000007,-0.13000000000000078,,100.0,2229
1761127518.466887,2025-10-22T11:05:18.466887,31.60155810312262,124.0,5.0,0.2160585371570498,1.7881944444444444,6.375,6.9375,6.28125,6.59375,5.519999999999996,0.08000000000000007,0.009999999999999787,,100.0,2241
1761127518.556863,2025-10-22T11:05:18.556863,31.74617317091257,129.0,5.0,0.1446150677899496,1.8142361111111112,6.375,6.9375,6.375,6.6875,5.549999999999997,0.3699999999999992,0.009999999999999787,,100.0,2250
1761127518.626655,2025-10-22T11:05:18.626655,31.890544215631127,134.3,5.300000000000011,0.14437104471855733,1.8012152777777777,6.3125,6.84375,6.3125,6.65625,5.579999999999998,0.5099999999999998,-0.040000000000000924,,100.0,2257
1761127518.686708,2025-10-22T11:05:18.686708,31.998526210793163,139.70000000000002,5.400000000000006,0.1079819951620351,1.792534722222222,6.3125,6.8125,6.1875,6.71875,5.789999999999999,0.5,-0.0600000000000005,,100.0,2263
1761127518.736664,2025-10-22T11:05:18.736664,32.06996135931045,144.70000000000002,5.0,0.07143514851728483,1.7881944444444444,6.28125,6.90625,6.15625,6.71875,6.009999999999998,0.379999999999999,-0.08000000000000007,,100.0,2268
1761127518.796371,2025-10-22T11:05:18.796371,32.177779730409355,150.1,5.399999999999977,0.10781837109890802,1.7881944444444444,6.40625,6.9375,6.09375,6.78125,6.759999999999998,0.27999999999999936,0.08000000000000007,,100.0,2274
1761127518.87638,2025-10-22T11:05:18.876380,32.32019251005514,155.60000000000002,5.500000000000028,0.14241277964578813,1.7751736111111112,6.3125,7.09375,6.09375,6.6875,7.239999999999995,0.22000000000000064,0.08999999999999986,,100.0,2282
1761127519.146738,2025-10-22T11:05:19.146738,32.82094650901851,158.4,2.799999999999983,0.5007539989633685,1.792534722222222,6.375,6.96875,6.15625,6.75,7.189999999999998,0.16999999999999993,0.0,,100.0,2309
1761127519.426875,2025-10-22T11:05:19.426875,33.3226482539127,161.60000000000002,3.200000000000017,0.5017017448941914,1.7881944444444444,6.3125,6.9375,6.15625,6.71875,7.32,0.09999999999999964,-0.040000000000000924,,100.0,2337
1761127519.48692,2025-10-22T11:05:19.486920,33.429745046628824,166.60000000000002,5.0,0.1070967927161206,1.7795138888888888,6.25,7.0,6.1875,6.625,7.089999999999996,0.27999999999999936,0.0,,100.0,2343
1761127519.536347,2025-10-22T11:05:19.536347,33.50121775848996,171.70000000000002,5.099999999999994,0.07147271186113358,1.7881944444444444,6.25,6.96875,6.15625,6.71875,7.149999999999999,0.4499999999999993,0.02999999999999936,,100.0,2348
1761127519.586876,2025-10-22T11:05:19.586876,33.60847743228076,177.20000000000002,5.5,0.10725967379080004,1.796875,6.28125,6.96875,6.21875,6.71875,7.32,0.34999999999999964,-0.16000000000000014,,100.0,2353
1761127519.636403,2025-10-22T11:05:19.636403,33.67978558979098,183.3,6.099999999999994,0.07130815751022368,1.7751736111111112,6.21875,7.03125,6.0625,6.71875,7.329999999999998,0.41000000000000014,-0.08000000000000007,,100.0,2358
1761127519.686702,2025-10-22T11:05:19.686702,33.78587301406593,189.20000000000002,5.900000000000006,0.10608742427494633,1.7664930555555556,6.21875,7.0625,5.9375,6.78125,7.899999999999999,0.5600000000000005,-0.07000000000000028,,100.0,2363
1761127519.736412,2025-10-22T11:05:19.736412,33.856582759569065,194.5,5.299999999999983,0.07070974550313736,1.7664930555555556,6.25,7.0625,5.96875,6.75,8.769999999999996,0.5,-0.05000000000000071,,100.0,2368
1761127519.786454,2025-10-22T11:05:19.786454,33.96200124588275,199.70000000000002,5.200000000000017,0.10541848631368822,1.7621527777777777,6.21875,7.15625,5.90625,6.78125,9.39,0.29999999999999893,-0.10999999999999943,,100.0,2373
1761127519.846451,2025-10-22T11:05:19.846451,34.06737966359487,204.9,5.199999999999989,0.10537841771211731,1.7578125,6.15625,7.0625,5.90625,6.75,9.600000000000001,0.1899999999999995,0.07000000000000028,,100.0,2379
1761127519.906429,2025-10-22T11:05:19.906429,34.172970788139416,210.3,5.400000000000006,0.10559112454454578,1.7578125,6.15625,7.09375,5.90625,6.75,9.36,0.34999999999999964,0.0,,100.0,2385
1761127519.956424,2025-10-22T11:05:19.956424,34.243417210463,215.4,5.099999999999994,0.07044642232358456,1.7578125,6.125,7.0625,5.90625,6.75,9.32,0.4800000000000004,-0.040000000000000924,,100.0,2390
1761127520.00673,2025-10-22T11:05:20.006730,34.34894708606102,221.10000000000002,5.700000000000017,0.10552987559801608,1.7664930555555556,6.15625,7.0,5.90625,6.8125,9.689999999999998,0.4900000000000002,-0.07000000000000028,,100.0,2395
1761127520.056411,2025-10-22T11:05:20.056411,34.41915145764746,227.10000000000002,6.0,0.070204371586442,1.7578125,6.125,7.09375,5.875,6.78125,10.100000000000001,0.3699999999999992,-0.10999999999999943,,100.0,2400
1761127520.096798,2025-10-22T11:05:20.096798,34.48914092034099,232.3,5.199999999999989,0.06998946269353468,1.7447916666666665,6.1875,7.0625,5.8125,6.75,10.420000000000002,0.3699999999999992,-0.05000000000000071,,100.0,2404
1761127520.136513,2025-10-22T11:05:20.136513,34.55938843803271,238.3,6.0,0.070247517691719,1.753472222222222,6.125,7.0625,5.8125,6.8125,10.54,0.41999999999999993,-0.14000000000000057,,100.0,2408
1761127520.166808,2025-10-22T11:05:20.166808,34.62928430177269,243.4,5.099999999999994,0.0698958637399798,1.7447916666666665,6.125,7.21875,5.75,6.8125,10.600000000000001,0.4499999999999993,-0.20000000000000107,,100.0,2411
1761127520.196318,2025-10-22T11:05:20.196318,34.664262575614764,248.8,5.400000000000006,0.03497827384207142,1.753472222222222,6.125,7.21875,5.8125,6.8125,10.809999999999995,0.4900000000000002,-0.05000000000000071,,100.0,2414
1761127520.226808,2025-10-22T11:05:20.226808,34.73411911063722,254.70000000000002,5.900000000000006,0.0698565350224527,1.7491319444444444,6.125,7.15625,5.78125,6.8125,11.129999999999995,0.5499999999999989,-0.08999999999999986,,100.0,2417
1761127520.25644,2025-10-22T11:05:20.256440,34.768869181474024,260.8,6.099999999999994,0.03475007083680737,1.7404513888888888,6.09375,7.1875,5.71875,6.8125,11.420000000000002,0.6199999999999992,-0.07000000000000028,,100.0,2420
1761127520.286775,2025-10-22T11:05:20.286775,34.8387578088376,267.40000000000003,6.600000000000023,0.06988862736357504,1.7361111111111112,6.09375,7.15625,5.75,6.75,11.739999999999995,0.5999999999999996,-0.019999999999999574,,100.0,2423
1761127520.316325,2025-10-22T11:05:20.316325,34.87332547911337,274.2,6.7999999999999545,0.03456767027577001,1.7317708333333333,6.0625,7.25,5.65625,6.8125,12.04,0.5899999999999999,-0.21000000000000085,,100.0,2426
1761127520.336298,2025-10-22T11:05:20.336298,34.90780685614378,279.2,5.0,0.03448137703040999,1.7317708333333333,6.03125,7.4375,5.6875,6.78125,12.32,0.7099999999999991,-0.009999999999999787,,100.0,2428
1761127520.366809,2025-10-22T11:05:20.366809,34.97748220235935,286.2,7.0,0.06967534621556837,1.7361111111111112,6.0625,7.15625,5.65625,6.84375,12.829999999999998,0.8399999999999999,-0.05000000000000071,,100.0,2431
1761127520.386367,2025-10-22T11:05:20.386367,35.01195976407161,291.2,5.0,0.034477561712265015,1.7361111111111112,6.0625,7.25,5.65625,6.84375,13.21,0.6999999999999993,-0.019999999999999574,,100.0,2433
1761127520.416338,2025-10-22T11:05:20.416338,35.04678548831076,298.6,7.400000000000034,0.034825724239148315,1.7317708333333333,6.0,7.3125,5.625,6.84375,13.579999999999998,0.6400000000000006,-0.16999999999999993,,100.0,2436
1761127520.446645,2025-10-22T11:05:20.446645,35.11562810279426,305.40000000000003,6.800000000000011,0.0688426144835006,1.7230902777777777,6.0625,7.28125,5.5625,6.84375,13.82,0.5600000000000005,-0.2599999999999998,,100.0,2439
1761127520.476296,2025-10-22T11:05:20.476296,35.14987702481446,311.8,6.399999999999977,0.034248922020196915,1.714409722222222,6.0,7.375,5.53125,6.8125,14.11,0.5399999999999991,-0.2699999999999996,,100.0,2442
1761127520.50685,2025-10-22T11:05:20.506850,35.21837790600125,316.8,5.0,0.0685008811867931,1.714409722222222,6.1875,7.34375,5.53125,6.8125,14.369999999999997,0.6799999999999997,-0.33999999999999986,,100.0,2445
1761127520.546817,2025-10-22T11:05:20.546817,35.28649302613402,321.8,5.0,0.06811512013276655,1.7013888888888888,6.125,7.34375,5.4375,6.8125,14.719999999999999,0.7200000000000006,-0.1899999999999995,,100.0,2449
1761127520.616521,2025-10-22T11:05:20.616521,35.388065772131064,327.20000000000005,5.400000000000034,0.10157274599704635,1.675347222222222,6.03125,7.40625,5.40625,6.65625,15.019999999999996,0.6699999999999999,-0.16999999999999993,,100.0,2456
1761127520.846742,2025-10-22T11:05:20.846742,35.79191192467178,332.5,5.2999999999999545,0.40384615254071576,1.6710069444444444,6.0,7.4375,5.3125,6.71875,15.25,0.3200000000000003,-0.0600000000000005,,100.0,2479
1761127520.946703,2025-10-22T11:05:20.946703,35.959594815762486,337.8,5.300000000000011,0.16768289109070622,1.6710069444444444,6.0,7.375,5.28125,6.75,15.57,0.41999999999999993,-0.0600000000000005,,100.0,2489
1761127521.046717,2025-10-22T11:05:21.046717,36.12727365249559,343.1,5.300000000000011,0.1676788367331028,1.6710069444444444,6.0,7.375,5.28125,6.75,15.879999999999995,0.379999999999999,-0.15000000000000036,,100.0,2499
1761127521.146739,2025-10-22T11:05:21.146739,36.2934719202005,348.5,5.399999999999977,0.16619826770491386,1.6666666666666665,5.90625,7.375,5.25,6.75,15.939999999999998,0.6199999999999992,-0.23000000000000043,,100.0,2509
1761127521.256705,2025-10-22T11:05:21.256705,36.459306152537444,353.70000000000005,5.2000000000000455,0.16583423233694106,1.6493055555555556,5.875,7.5,5.15625,6.71875,16.309999999999995,0.6400000000000006,-0.23000000000000043,,100.0,2520
1761127521.396722,2025-10-22T11:05:21.396722,36.689351166908914,358.70000000000005,5.0,0.23004501437146985,1.636284722222222,5.9375,7.4375,5.09375,6.6875,16.909999999999997,0.3699999999999992,-0.019999999999999574,,100.0,2534
1761127521.526385,2025-10-22T11:05:21.526385,36.91881702178051,363.70000000000005,5.0,0.22946585487159865,1.636284722222222,5.875,7.34375,5.09375,6.6875,16.699999999999996,0.5399999999999991,-0.019999999999999574,,100.0,2547
1761127521.636329,2025-10-22T11:05:21.636329,37.08320314995942,368.8,5.099999999999966,0.1643861281789043,1.6449652777777777,5.875,7.375,5.125,6.71875,16.869999999999997,0.5399999999999991,-0.3000000000000007,,100.0,2558
1761127521.726675,2025-10-22T11:05:21.726675,37.24793401753735,373.90000000000003,5.100000000000023,0.16473086757792998,1.6276041666666665,6.0625,7.46875,5.09375,6.625,17.509999999999998,0.4299999999999997,-0.120000000000001,,100.0,2567
1761127521.816331,2025-10-22T11:05:21.816331,37.37908946246734,378.90000000000003,5.0,0.13115544492999476,1.6493055555555556,5.6875,7.46875,5.125,6.75,17.67,0.40000000000000036,-0.2699999999999996,,100.0,2576
1761127521.926626,2025-10-22T11:05:21.926626,37.57397454128495,384.0,5.099999999999966,0.19488507881760597,1.6059027777777777,6.0,7.5625,5.09375,6.46875,17.739999999999995,0.6699999999999999,-0.41000000000000014,,100.0,2587
1761127522.246827,2025-10-22T11:05:22.246827,38.087475633041706,385.20000000000005,1.2000000000000455,0.5135010917567584,1.5755208333333333,5.8125,7.21875,4.8125,6.53125,17.489999999999995,0.40000000000000036,-0.25,,100.0,2619
1761127522.566859,2025-10-22T11:05:22.566859,38.58972112544707,380.3,-4.900000000000034,0.5022454924053648,1.5798611111111112,5.8125,7.34375,4.84375,6.53125,17.449999999999996,0.11999999999999922,0.0,,100.0,2651
1761127522.756301,2025-10-22T11:05:22.756301,38.87528990809287,375.1,-5.199999999999989,0.28556878264579666,1.597222222222222,5.71875,7.375,4.96875,6.53125,17.509999999999998,0.4499999999999993,-0.10999999999999943,,100.0,2670
1761127522.886914,2025-10-22T11:05:22.886914,39.098515730972075,370.0,-5.100000000000023,0.22322582287920767,1.5928819444444444,5.53125,7.21875,4.9375,6.53125,16.989999999999995,0.5600000000000005,-0.2599999999999998,,100.0,2683
1761127522.96684,2025-10-22T11:05:22.966840,39.22397167111435,364.90000000000003,-5.099999999999966,0.1254559401422739,1.558159722222222,5.78125,7.21875,4.8125,6.40625,16.9,0.6999999999999993,-0.370000000000001,,100.0,2691
1761127523.03638,2025-10-22T11:05:23.036380,39.31670216429563,359.5,-5.400000000000034,0.09273049318127846,1.5494791666666665,5.71875,7.15625,4.78125,6.375,16.71,0.39000000000000057,-0.120000000000001,,100.0,2698
1761127523.116815,2025-10-22T11:05:23.116815,39.44104042525091,353.90000000000003,-5.599999999999966,0.12433826095528389,1.5494791666666665,5.625,7.09375,4.8125,6.34375,15.96,0.129999999999999,-0.08999999999999986,,100.0,2706
1761127523.206777,2025-10-22T11:05:23.206777,39.594762923402904,348.5,-5.400000000000034,0.15372249815199268,1.5364583333333333,5.5,7.0,4.78125,6.28125,15.019999999999996,0.27999999999999936,-0.3000000000000007,,100.0,2715
1761127523.28683,2025-10-22T11:05:23.286830,39.71711640970573,343.40000000000003,-5.099999999999966,0.12235348630282772,1.5277777777777777,5.46875,6.8125,4.71875,6.28125,15.5,0.5,-0.08999999999999986,,100.0,2723
1761127523.356363,2025-10-22T11:05:23.356363,39.80862616768312,337.8,-5.600000000000023,0.09150975797739136,1.5321180555555556,5.46875,6.875,4.75,6.28125,15.89,0.20999999999999908,-0.08000000000000007,,100.0,2730
1761127523.426813,2025-10-22T11:05:23.426813,39.9306425741977,332.0,-5.800000000000011,0.12201640651457524,1.5234375,5.3125,6.8125,4.75,6.21875,15.329999999999998,0.35999999999999943,-0.09999999999999964,,100.0,2737
1761127523.506844,2025-10-22T11:05:23.506844,40.05179298420745,326.5,-5.5,0.12115041000975424,1.5147569444444444,5.375,6.75,4.75,6.15625,14.14,0.28999999999999915,-0.17999999999999972,,100.0,2745
1761127523.586759,2025-10-22T11:05:23.586759,40.17214249716035,321.0,-5.5,0.12034951295289886,1.4887152777777777,5.5,6.75,4.71875,6.0,13.96,0.17999999999999972,-0.17999999999999972,,100.0,2753
1761127523.656338,2025-10-22T11:05:23.656338,40.261868656509435,315.5,-5.5,0.0897261593490839,1.4887152777777777,5.34375,6.65625,4.71875,6.0,14.21,0.019999999999999574,-0.0600000000000005,,100.0,2760
1761127523.72681,2025-10-22T11:05:23.726810,40.38207497447727,310.1,-5.399999999999977,0.12020631796783476,1.5017361111111112,5.34375,6.5,4.78125,6.03125,13.589999999999996,0.09999999999999964,-0.009999999999999787,,100.0,2767
1761127523.806767,2025-10-22T11:05:23.806767,40.50235518461297,304.7,-5.400000000000034,0.12028021013570367,1.5017361111111112,5.25,6.40625,4.84375,5.96875,12.299999999999997,0.2400000000000002,0.019999999999999574,,100.0,2775
1761127523.906657,2025-10-22T11:05:23.906657,40.65208418501744,299.6,-5.099999999999966,0.14972900040447001,1.4930555555555556,5.25,6.40625,4.8125,5.9375,12.299999999999997,0.33000000000000007,-0.040000000000000924,,100.0,2785
1761127524.026837,2025-10-22T11:05:24.026837,40.82982687072617,294.40000000000003,-5.199999999999989,0.1777426857087292,1.484375,5.21875,6.375,4.78125,5.90625,12.379999999999995,0.41000000000000014,0.02999999999999936,,100.0,2797
1761127524.366781,2025-10-22T11:05:24.366781,41.3326135774453,291.3,-3.1000000000000227,0.5027867067191281,1.4539930555555556,5.5625,6.28125,4.78125,5.6875,11.509999999999998,0.28999999999999915,0.019999999999999574,,100.0,2831
1761127524.726859,2025-10-22T11:05:24.726859,41.85689293365508,289.8,-1.5,0.5242793562097816,1.4236111111111112,5.0625,6.09375,4.5625,5.6875,11.89,0.049999999999998934,0.0,,100.0,2867
1761127525.086847,2025-10-22T11:05:25.086847,42.37814945996631,289.8,0.0,0.5212565263112268,1.4670138888888888,5.125,6.125,4.875,5.6875,11.420000000000002,0.3100000000000005,0.1899999999999995,,100.0,2903
1761127525.446846,2025-10-22T11:05:25.446846,42.89601627219878,289.6,-0.19999999999998863,0.5178668122324694,1.4496527777777777,5.125,6.125,4.75,5.6875,11.36,0.009999999999999787,0.07000000000000028,,100.0,2939
1761127525.806792,2025-10-22T11:05:25.806792,43.41407951795387,289.6,0.0,0.5180632457550942,1.4322916666666667,5.03125,6.0625,4.6875,5.625,11.420000000000002,0.2400000000000002,0.0,,100.0,2975
1761127526.166785,2025-10-22T11:05:26.166785,43.92153001700832,289.6,0.0,0.5074504990544497,1.3932291666666667,4.96875,5.875,4.5,5.53125,10.559999999999995,0.3100000000000005,0.0,,100.0,3011
1761127526.546827,2025-10-22T11:05:26.546827,44.441414571677605,289.6,0.0,0.5198845546692823,1.3758680555555556,4.75,5.75,4.4375,5.46875,11.049999999999997,0.15000000000000036,0.009999999999999787,,100.0,3049
1761127526.926833,2025-10-22T11:05:26.926833,44.962265908511114,288.6,-1.0,0.520851336833509,1.3585069444444444,4.84375,5.84375,4.34375,5.4375,11.239999999999995,0.15000000000000036,0.15000000000000036,,100.0,3087
1761127527.306592,2025-10-22T11:05:27.306592,45.48525716281596,288.7,0.0999999999999659,0.5229912543048485,1.3802083333333333,4.9375,5.90625,4.4375,5.5,11.019999999999996,0.33999999999999986,0.08000000000000007,,100.0,3125
1761127527.686828,2025-10-22T11:05:27.686828,46.012271576457536,289.5,0.8000000000000114,0.5270144136415738,1.401909722222222,4.875,5.875,4.59375,5.5,9.920000000000002,0.5299999999999994,0.0,,100.0,3163
1761127528.066735,2025-10-22T11:05:28.066735,46.53904599655004,289.1,-0.39999999999997726,0.5267744200925009,1.3932291666666667,4.875,5.84375,4.5625,5.46875,10.049999999999997,0.16999999999999993,-0.040000000000000924,,100.0,3201
1761127528.4268,2025-10-22T11:05:28.426800,47.039364680854796,290.6,1.5,0.5003186843047587,1.3932291666666667,4.9375,5.875,4.53125,5.5,10.479999999999997,0.16999999999999993,0.0600000000000005,,100.0,3237
1761127528.726819,2025-10-22T11:05:28.726819,47.458612969559084,295.6,5.0,0.41924828870428854,1.3975694444444444,4.96875,5.96875,4.5,5.5625,10.969999999999999,0.3100000000000005,-0.02999999999999936,,100.0,3267
1761127529.086726,2025-10-22T11:05:29.086726,47.96329796521199,297.7,2.099999999999966,0.5046849956529087,1.4105902777777777,4.875,6.09375,4.5,5.65625,11.46,0.10999999999999943,0.0,,100.0,3303
1761127529.446899,2025-10-22T11:05:29.446899,48.47937964937753,298.5,0.8000000000000114,0.5160816841655347,1.4670138888888888,5.0625,6.25,4.78125,5.78125,12.189999999999998,0.2400000000000002,-0.02999999999999936,,100.0,3339
1761127529.806797,2025-10-22T11:05:29.806797,49.0022713639256,293.5,-5.0,0.5228917145480736,1.4496527777777777,5.125,6.25,4.59375,5.84375,12.159999999999997,0.33000000000000007,0.009999999999999787,,100.0,3375
1761127529.896671,2025-10-22T11:05:29.896671,49.119074852723216,288.3,-5.199999999999989,0.11680348879761482,1.4626736111111112,5.21875,6.34375,4.6875,5.84375,11.75,0.049999999999998934,0.0600000000000005,,100.0,3384
1761127529.996813,2025-10-22T11:05:29.996813,49.266620940632286,283.1,-5.199999999999989,0.14754608790907042,1.4887152777777777,5.25,6.3125,4.84375,5.875,11.469999999999999,0.07000000000000028,0.08000000000000007,,100.0,3394
1761127530.146742,2025-10-22T11:05:30.146742,49.506555067168335,278.0,-5.100000000000023,0.23993412653604906,1.5147569444444444,5.28125,6.34375,4.96875,5.9375,11.229999999999997,0.3100000000000005,-0.009999999999999787,,100.0,3409
1761127530.266823,2025-10-22T11:05:30.266823,49.687776867714184,272.6,-5.399999999999977,0.18122180054584902,1.5017361111111112,5.3125,6.40625,4.9375,5.875,10.86,0.4299999999999997,-0.09999999999999964,,100.0,3421
1761127530.366778,2025-10-22T11:05:30.366778,49.837572713279044,267.40000000000003,-5.199999999999989,0.14979584556486003,1.5060763888888888,5.3125,6.34375,4.875,5.96875,11.0,0.20999999999999908,-0.120000000000001,,100.0,3431
1761127530.456336,2025-10-22T11:05:30.456336,49.95855303067298,262.3,-5.100000000000023,0.12098031739393633,1.519097222222222,5.34375,6.28125,4.9375,6.0,10.719999999999999,0.16999999999999993,0.049999999999998934,,100.0,3440
1761127530.546735,2025-10-22T11:05:30.546735,50.10970457043082,256.90000000000003,-5.399999999999977,0.15115153975784068,1.5104166666666665,5.34375,6.34375,4.9375,5.9375,10.5,0.0,0.02999999999999936,,100.0,3449
1761127530.616345,2025-10-22T11:05:30.616345,50.200767932045764,251.4,-5.500000000000028,0.09106336161494255,1.519097222222222,5.34375,6.375,5.0,5.9375,10.489999999999995,0.08000000000000007,0.0,,100.0,3456
1761127530.676305,2025-10-22T11:05:30.676305,50.29187890907954,246.20000000000002,-5.199999999999989,0.0911109770337788,1.519097222222222,5.34375,6.34375,5.0,5.9375,10.259999999999998,0.2699999999999996,-0.02999999999999936,,100.0,3462
1761127530.736347,2025-10-22T11:05:30.736347,50.38350755245319,240.60000000000002,-5.599999999999994,0.09162864337364596,1.5277777777777777,5.375,6.3125,5.0625,5.9375,9.920000000000002,0.25,-0.05000000000000071,,100.0,3468
1761127530.79661,2025-10-22T11:05:30.796610,50.47548664837245,234.5,-6.100000000000023,0.0919790959192639,1.5364583333333333,5.34375,6.375,5.09375,5.96875,9.61,0.16999999999999993,-0.02999999999999936,,100.0,3474
1761127530.856403,2025-10-22T11:05:30.856403,50.567307190762605,228.70000000000002,-5.799999999999983,0.09182054239015258,1.5321180555555556,5.40625,6.28125,5.0625,5.96875,9.799999999999997,0.16999999999999993,0.03999999999999915,,100.0,3480
1761127530.916349,2025-10-22T11:05:30.916349,50.65935495206049,223.20000000000002,-5.5,0.09204776129788428,1.5364583333333333,5.40625,6.40625,5.0625,6.0,9.619999999999997,0.03999999999999915,0.019999999999999574,,100.0,3486
1761127530.986814,2025-10-22T11:05:30.986814,50.78269042385119,217.8,-5.400000000000006,0.12333547179070337,1.5538194444444444,5.4375,6.28125,5.15625,6.03125,9.43,0.0,0.07000000000000028,,100.0,3493
1761127531.076279,2025-10-22T11:05:31.076279,50.90729542697468,212.60000000000002,-5.199999999999989,0.12460500312348444,1.5625,5.4375,6.28125,5.25,6.0,8.54,0.07000000000000028,0.02999999999999936,,100.0,3502
1761127531.156327,2025-10-22T11:05:31.156327,51.031799293640574,207.3,-5.300000000000011,0.12450386666589708,1.5625,5.4375,6.3125,5.25,6.0,8.5,0.3200000000000003,0.0,,100.0,3510
1761127531.226709,2025-10-22T11:05:31.226709,51.156623939880056,201.70000000000002,-5.599999999999994,0.12482464623948175,1.558159722222222,5.4375,6.34375,5.21875,6.0,8.75,0.4599999999999991,0.0,,100.0,3517
1761127531.286812,2025-10-22T11:05:31.286812,51.250646968061716,195.8,-5.900000000000006,0.09402302818165964,1.5668402777777777,5.46875,6.375,5.25,6.03125,8.46,0.40000000000000036,0.0,,100.0,3523
1761127531.346715,2025-10-22T11:05:31.346715,51.344896396622055,189.70000000000002,-6.099999999999994,0.0942494285603388,1.5625,5.53125,6.25,5.3125,5.9375,8.089999999999996,0.10999999999999943,0.14000000000000057,,100.0,3529
1761127531.396544,2025-10-22T11:05:31.396544,51.407551348416334,184.4,-5.300000000000011,0.06265495179427916,1.5842013888888888,5.53125,6.25,5.28125,6.125,7.689999999999998,0.019999999999999574,0.019999999999999574,,100.0,3534
1761127531.446686,2025-10-22T11:05:31.446686,51.502898579670315,179.0,-5.400000000000006,0.09534723125398159,1.5885416666666665,5.5625,6.3125,5.34375,6.09375,7.269999999999996,0.07000000000000028,0.16999999999999993,,100.0,3539
1761127531.496268,2025-10-22T11:05:31.496268,51.5666607601775,173.8,-5.199999999999989,0.06376218050718307,1.597222222222222,5.5625,6.28125,5.4375,6.0625,7.350000000000001,0.0,0.25,,100.0,3544
1761127531.546774,2025-10-22T11:05:31.546774,51.66346861980855,168.5,-5.300000000000011,0.0968078596310491,1.6145833333333333,5.625,6.375,5.5,6.125,7.32,0.08999999999999986,0.1999999999999993,,100.0,3549
1761127531.59629,2025-10-22T11:05:31.596290,51.727834825093545,163.5,-5.0,0.06436620528499759,1.6059027777777777,5.6875,6.375,5.46875,6.09375,7.119999999999997,0.03999999999999915,0.20999999999999908,,100.0,3554
1761127531.646806,2025-10-22T11:05:31.646806,51.82362112113171,158.5,-5.0,0.09578629603816324,1.6015625,5.6875,6.4375,5.4375,6.09375,7.049999999999997,0.009999999999999787,0.07000000000000028,,100.0,3559
1761127531.706718,2025-10-22T11:05:31.706718,51.91932186380856,152.9,-5.599999999999994,0.09570074267685413,1.597222222222222,5.71875,6.28125,5.5,6.0,6.839999999999996,0.0,0.11999999999999922,,100.0,3565
1761127531.766694,2025-10-22T11:05:31.766694,52.01623726532691,147.5,-5.400000000000006,0.09691540151834488,1.6232638888888888,5.6875,6.28125,5.59375,6.09375,6.140000000000001,-0.02999999999999936,0.08000000000000007,,100.0,3571
1761127531.836338,2025-10-22T11:05:31.836338,52.11394392471347,141.9,-5.599999999999994,0.09770665938656009,1.6276041666666665,5.6875,6.28125,5.625,6.09375,5.75,0.129999999999999,0.15000000000000036,,100.0,3578
1761127531.896264,2025-10-22T11:05:31.896264,52.21120390316679,136.8,-5.099999999999994,0.09725997845332301,1.6319444444444444,5.75,6.34375,5.59375,6.15625,5.769999999999996,0.22000000000000064,-0.0600000000000005,,100.0,3584
1761127531.946791,2025-10-22T11:05:31.946791,52.309020359276076,131.70000000000002,-5.099999999999994,0.09781645610928535,1.6319444444444444,5.75,6.34375,5.59375,6.15625,5.829999999999998,0.16999999999999993,0.009999999999999787,,100.0,3589
1761127531.996573,2025-10-22T11:05:31.996573,52.374717664594456,125.5,-6.200000000000017,0.06569730531838047,1.6449652777777777,5.78125,6.28125,5.625,6.21875,5.799999999999997,0.049999999999998934,0.09999999999999964,,100.0,3594
1761127532.036283,2025-10-22T11:05:32.036283,52.44049817220205,119.9,-5.599999999999994,0.06578050760759169,1.6449652777777777,5.75,6.34375,5.65625,6.1875,5.6299999999999955,-0.009999999999999787,0.10999999999999943,,100.0,3598
1761127532.076748,2025-10-22T11:05:32.076748,52.50620173186892,114.10000000000001,-5.799999999999997,0.06570355966687202,1.640625,5.8125,6.34375,5.65625,6.15625,5.299999999999997,-0.09999999999999964,0.129999999999999,,100.0,3602
1761127532.116388,2025-10-22T11:05:32.116388,52.57192485758828,107.9,-6.200000000000003,0.06572312571935868,1.640625,5.875,6.3125,5.6875,6.125,5.009999999999998,-0.21000000000000085,0.10999999999999943,,100.0,3606
1761127532.156404,2025-10-22T11:05:32.156404,52.638147647182144,101.60000000000001,-6.299999999999997,0.06622278959386563,1.6579861111111112,5.78125,6.34375,5.75,6.1875,4.619999999999997,-0.16000000000000014,0.16000000000000014,,100.0,3610
1761127532.196344,2025-10-22T11:05:32.196344,52.704165088426734,94.80000000000001,-6.799999999999997,0.06601744124458975,1.6493055555555556,5.84375,6.3125,5.75,6.125,4.339999999999996,-0.22000000000000064,0.129999999999999,,100.0,3614
1761127532.226798,2025-10-22T11:05:32.226798,52.770236042431655,89.7,-5.1000000000000085,0.06607095400492113,1.6493055555555556,5.84375,6.3125,5.78125,6.09375,4.140000000000001,-0.13000000000000078,0.10999999999999943,,100.0,3617
1761127532.256326,2025-10-22T11:05:32.256326,52.80336215264267,84.7,-5.0,0.03312611021101475,1.6536458333333333,5.9375,6.3125,5.8125,6.09375,3.9499999999999957,-0.10999999999999943,0.049999999999998934,,100.0,3620
1761127532.286729,2025-10-22T11:05:32.286729,52.86998157389462,79.4,-5.299999999999997,0.06661942125194997,1.6623263888888888,5.9375,6.28125,5.875,6.09375,3.729999999999997,-0.0600000000000005,0.02999999999999936,,100.0,3623
1761127532.316401,2025-10-22T11:05:32.316401,52.903076672098706,74.0,-5.400000000000006,0.03309509820408607,1.6623263888888888,5.96875,6.3125,5.90625,6.0625,3.509999999999998,-0.09999999999999964,0.16000000000000014,,100.0,3626
1761127532.346811,2025-10-22T11:05:32.346811,52.97011925735408,68.8,-5.200000000000003,0.06704258525537199,1.6710069444444444,5.9375,6.3125,5.90625,6.125,3.3200000000000003,-0.040000000000000924,0.15000000000000036,,100.0,3629
1761127532.376432,2025-10-22T11:05:32.376432,53.003368135541685,63.7,-5.099999999999994,0.03324887818760658,1.675347222222222,5.9375,6.3125,5.90625,6.15625,3.049999999999997,0.0,0.1899999999999995,,100.0,3632
1761127532.406762,2025-10-22T11:05:32.406762,53.070178469643004,58.300000000000004,-5.399999999999999,0.06681033410131931,1.6710069444444444,5.96875,6.25,5.875,6.15625,2.9499999999999957,-0.019999999999999574,0.049999999999998934,,100.0,3635
1761127532.446708,2025-10-22T11:05:32.446708,53.13736910931767,52.2,-6.100000000000001,0.06719063967466354,1.6796875,5.96875,6.3125,5.9375,6.15625,2.8200000000000003,0.009999999999999787,0.03999999999999915,,100.0,3639
1761127532.486765,2025-10-22T11:05:32.486765,53.20445672919354,46.7,-5.5,0.06708761987587053,1.6710069444444444,6.03125,6.28125,5.90625,6.125,2.559999999999995,-0.08000000000000007,0.0600000000000005,,100.0,3643
1761127532.536379,2025-10-22T11:05:32.536379,53.27113902403249,41.6,-5.100000000000001,0.06668229483895516,1.675347222222222,6.0625,6.25,5.9375,6.125,2.1099999999999994,-0.20000000000000107,0.08000000000000007,,100.0,3648
1761127532.606769,2025-10-22T11:05:32.606769,53.40665297996668,36.6,-5.0,0.13551395593418647,1.6927083333333333,6.09375,6.25,6.03125,6.15625,1.5700000000000003,-0.1899999999999995,0.17999999999999972,,100.0,3655
1761127532.726789,2025-10-22T11:05:32.726789,53.60917241312565,31.400000000000002,-5.199999999999999,0.2025194331589688,1.6970486111111112,6.09375,6.25,6.0625,6.15625,1.2399999999999949,-0.08000000000000007,0.009999999999999787,,100.0,3667
1761127532.876379,2025-10-22T11:05:32.876379,53.8471453730017,26.1,-5.300000000000001,0.23797295987605338,1.7057291666666665,6.1875,6.21875,6.15625,6.125,1.1499999999999986,-0.040000000000000924,0.10999999999999943,,100.0,3682
1761127533.07638,2025-10-22T11:05:33.076380,54.1891683265567,21.1,-5.0,0.342022953554995,1.71875,6.1875,6.3125,6.1875,6.1875,0.9399999999999977,-0.08000000000000007,0.0600000000000005,,100.0,3702
1761127533.256384,2025-10-22T11:05:33.256384,54.499732957532025,15.9,-5.200000000000001,0.31056463097532827,1.7230902777777777,6.3125,6.4375,6.21875,6.1875,0.509999999999998,-0.0600000000000005,0.03999999999999915,,100.0,3720
1761127533.476698,2025-10-22T11:05:33.476698,54.87933015968238,10.9,-5.0,0.3795972021503573,1.7274305555555556,6.28125,6.28125,6.25,6.1875,0.1599999999999966,0.009999999999999787,0.08999999999999986,,100.0,3742
1761127533.766784,2025-10-22T11:05:33.766784,55.40104580836165,8.700000000000001,-2.1999999999999993,0.5217156486792689,1.7404513888888888,6.375,6.375,6.28125,6.25,0.01999999999999602,0.0,0.0600000000000005,,100.0,3771
1761127534.066807,2025-10-22T11:05:34.066807,55.92677948065102,7.9,-0.8000000000000007,0.5257336722893697,1.753472222222222,6.375,6.375,6.375,6.25,-0.020000000000003126,0.0,0.0,,100.0,3801
1761127534.366697,2025-10-22T11:05:34.366697,56.45378646544285,5.5,-2.4000000000000004,0.5270069847918322,1.7664930555555556,6.4375,6.4375,6.375,6.34375,0.21000000000000085,-0.08000000000000007,0.009999999999999787,,100.0,3831
1761127534.666704,2025-10-22T11:05:34.666704,56.983077860333864,5.1000000000000005,-0.39999999999999947,0.5292913948910112,1.7664930555555556,6.4375,6.46875,6.34375,6.375,0.21000000000000085,-0.05000000000000071,0.08000000000000007,,100.0,3861
1761127534.966774,2025-10-22T11:05:34.966774,57.5141433429801,5.1000000000000005,0.0,0.531065482646234,1.7795138888888888,6.40625,6.5,6.4375,6.375,0.3299999999999983,-0.019999999999999574,0.10999999999999943,,100.0,3891
1761127535.266763,2025-10-22T11:05:35.266763,58.04581647117935,4.9,-0.20000000000000018,0.5316731281992517,1.7751736111111112,6.46875,6.46875,6.40625,6.375,0.04999999999999716,0.07000000000000028,0.03999999999999915,,100.0,3921
1761127535.546798,2025-10-22T11:05:35.546798,58.54592411778869,4.0,-0.9000000000000004,0.5001076466093366,1.796875,6.5625,6.53125,6.5625,6.375,-0.14999999999999858,-0.13000000000000078,0.07000000000000028,,100.0,3949
1761127535.826812,2025-10-22T11:05:35.826812,59.051359933283614,2.9000000000000004,-1.0999999999999996,0.505435815494927,1.8098958333333333,6.59375,6.625,6.53125,6.5,-0.0800000000000054,-0.05000000000000071,0.0,,100.0,3977
1761127536.106379,2025-10-22T11:05:36.106379,59.55811963313158,2.8000000000000003,-0.10000000000000009,0.5067596998479686,1.8229166666666665,6.59375,6.5625,6.625,6.5,0.10000000000000142,-0.0600000000000005,0.0,,100.0,4005
1761127536.386647,2025-10-22T11:05:36.386647,60.06673372350635,2.9000000000000004,0.10000000000000009,0.5086140903747705,1.8055555555555556,6.625,6.625,6.5625,6.4375,0.11999999999999744,0.0,-0.009999999999999787,,100.0,4033
1761127536.666768,2025-10-22T11:05:36.666768,60.57778640236294,2.9000000000000004,0.0,0.5110526788565863,1.831597222222222,6.71875,6.6875,6.6875,6.5,-0.13000000000000256,-0.08999999999999986,-0.02999999999999936,,100.0,4061
1761127536.946735,2025-10-22T11:05:36.946735,61.09643691426351,2.9000000000000004,0.0,0.5186505119005744,1.8619791666666665,6.8125,6.78125,6.75,6.65625,0.21999999999999886,-0.22000000000000064,0.10999999999999943,,100.0,4089
1761127537.226723,2025-10-22T11:05:37.226723,61.617530989978064,2.9000000000000004,0.0,0.5210940757145508,1.8880208333333333,6.8125,6.8125,6.84375,6.75,0.28000000000000114,-0.07000000000000028,0.10999999999999943,,100.0,4117
1761127537.506648,2025-10-22T11:05:37.506648,62.14452285940449,2.9000000000000004,0.0,0.5269918694264248,1.8923611111111112,6.90625,6.8125,6.875,6.75,-0.09000000000000341,-0.120000000000001,-0.0600000000000005,,100.0,4145
1761127537.786804,2025-10-22T11:05:37.786804,62.67304632605778,7.4,4.5,0.5285234666532901,1.8836805555555556,6.84375,6.875,6.8125,6.75,0.11999999999999744,0.0,0.08999999999999986,,100.0,4173
1761127538.066746,2025-10-22T11:05:38.066746,63.200525837019086,11.9,4.5,0.5274795109613066,1.8923611111111112,6.875,6.90625,6.84375,6.78125,0.3200000000000003,-0.14000000000000057,0.03999999999999915,,100.0,4201
1761127538.346705,2025-10-22T11:05:38.346705,63.730654859294496,16.5,4.6,0.5301290222754105,1.8880208333333333,6.90625,6.90625,6.8125,6.78125,0.5499999999999972,0.0,0.129999999999999,,100.0,4229
1761127538.626691,2025-10-22T11:05:38.626691,64.26433824209704,17.400000000000002,0.9000000000000021,0.5336833828025433,1.909722222222222,6.90625,7.0,6.90625,6.84375,0.5700000000000003,0.0,0.11999999999999922,,100.0,4257
1761127538.906786,2025-10-22T11:05:38.906786,64.79811034889686,18.7,1.2999999999999972,0.533772106799816,1.9053819444444444,6.90625,7.03125,6.84375,6.875,0.9600000000000009,-0.07000000000000028,0.0,,100.0,4285
1761127539.18676,2025-10-22T11:05:39.186760,65.33106493867106,19.6,0.9000000000000021,0.5329545897742065,1.9053819444444444,6.90625,7.03125,6.90625,6.8125,0.7999999999999972,0.08000000000000007,0.019999999999999574,,100.0,4313
1761127539.466693,2025-10-22T11:05:39.466693,65.86202843114734,20.0,0.3999999999999986,0.5309634924762747,1.8923611111111112,6.875,6.96875,6.78125,6.84375,1.009999999999998,-0.10999999999999943,0.0,,100.0,4341
1761127539.746709,2025-10-22T11:05:39.746709,66.39124423472416,20.8,0.8000000000000007,0.5292158035768182,1.8880208333333333,6.78125,6.875,6.78125,6.8125,0.8299999999999983,-0.07000000000000028,0.019999999999999574,,100.0,4369
1761127540.02675,2025-10-22T11:05:40.026750,66.91773074679075,20.900000000000002,0.10000000000000142,0.5264865120665974,1.875,6.84375,6.875,6.75,6.75,0.46000000000000085,-0.14000000000000057,0.0600000000000005,,100.0,4397
1761127540.306738,2025-10-22T11:05:40.306738,67.44259073605967,23.400000000000002,2.5,0.5248599892689185,1.875,6.84375,6.84375,6.75,6.75,0.7199999999999989,0.0,0.02999999999999936,,100.0,4425
1761127540.586772,2025-10-22T11:05:40.586772,67.96590083692637,24.3,0.8999999999999986,0.5233101008666949,1.870659722222222,6.78125,6.84375,6.71875,6.75,0.8999999999999986,-0.019999999999999574,0.0,,100.0,4453
1761127540.866704,2025-10-22T11:05:40.866704,68.48603794247741,25.200000000000003,0.9000000000000021,0.5201371055510435,1.8446180555555556,6.71875,6.71875,6.65625,6.625,1.0700000000000003,0.019999999999999574,0.019999999999999574,,100.0,4481
1761127541.146739,2025-10-22T11:05:41.146739,69.00104355894857,26.1,0.8999999999999986,0.5150056164711572,1.8359375,6.6875,6.6875,6.65625,6.5625,0.9699999999999989,-0.05000000000000071,0.049999999999998934,,100.0,4509
1761127541.426738,2025-10-22T11:05:41.426738,69.51252553508513,26.0,-0.10000000000000142,0.5114819761365652,1.8272569444444444,6.65625,6.6875,6.5625,6.59375,1.1499999999999986,-0.1899999999999995,0.009999999999999787,,100.0,4537
1761127541.70652,2025-10-22T11:05:41.706520,70.02288704324097,27.700000000000003,1.7000000000000028,0.5103615081558388,1.8185763888888888,6.5625,6.6875,6.53125,6.5625,1.1499999999999986,-0.07000000000000028,0.009999999999999787,,100.0,4565
1761127541.986795,2025-10-22T11:05:41.986795,70.53146222399339,32.0,4.299999999999997,0.5085751807524161,1.8012152777777777,6.5,6.65625,6.46875,6.5,1.3999999999999986,0.02999999999999936,0.0,,100.0,4593
1761127542.2667,2025-10-22T11:05:42.266700,71.03408520730832,34.4,2.3999999999999986,0.5026229833149358,1.7881944444444444,6.5,6.59375,6.40625,6.46875,1.2899999999999991,0.02999999999999936,0.0600000000000005,,100.0,4621
1761127542.446693,2025-10-22T11:05:42.446693,71.35531492841741,39.5,5.100000000000001,0.3212297211090913,1.792534722222222,6.4375,6.59375,6.4375,6.46875,1.6400000000000006,0.02999999999999936,0.03999999999999915,,100.0,4639
1761127542.72663,2025-10-22T11:05:42.726630,71.85543198552396,39.800000000000004,0.30000000000000426,0.5001170571065501,1.7881944444444444,6.4375,6.5625,6.375,6.5,1.5700000000000003,0.0,0.08999999999999986,,100.0,4667
1761127543.006721,2025-10-22T11:05:43.006721,72.35620276588533,39.800000000000004,0.0,0.5007707803613641,1.7795138888888888,6.5,6.625,6.34375,6.46875,1.7299999999999969,-0.08999999999999986,0.08999999999999986,,100.0,4695
1761127543.306477,2025-10-22T11:05:43.306477,72.88796437490316,39.800000000000004,0.0,0.5317616090178348,1.7621527777777777,6.34375,6.53125,6.3125,6.375,1.7800000000000011,-0.009999999999999787,0.0,,100.0,4725
1761127543.606778,2025-10-22T11:05:43.606778,73.41470932898419,43.800000000000004,4.0,0.5267449540810247,1.753472222222222,6.34375,6.46875,6.28125,6.34375,1.9199999999999946,-0.0600000000000005,0.0,,100.0,4755
1761127543.906541,2025-10-22T11:05:43.906541,73.9418947168936,45.0,1.1999999999999957,0.5271853879094124,1.7578125,6.3125,6.53125,6.28125,6.375,2.1000000000000014,-0.08000000000000007,0.09999999999999964,,100.0,4785
1761127544.206696,2025-10-22T11:05:44.206696,74.47048308948669,44.800000000000004,-0.19999999999999574,0.5285883725930915,1.7708333333333333,6.34375,6.53125,6.34375,6.40625,1.9399999999999977,0.03999999999999915,0.08999999999999986,,100.0,4815
1761127544.50664,2025-10-22T11:05:44.506640,74.99847118225358,43.6,-1.2000000000000028,0.5279880927668898,1.7404513888888888,6.28125,6.65625,6.1875,6.34375,1.4499999999999957,-0.10999999999999943,-0.25,,100.0,4845
1761127544.746828,2025-10-22T11:05:44.746828,75.41992206229928,48.900000000000006,5.300000000000004,0.42145088004569686,1.7491319444444444,6.34375,6.46875,6.28125,6.3125,1.7100000000000009,-0.23000000000000043,0.129999999999999,,100.0,4869
1761127544.836224,2025-10-22T11:05:44.836224,75.55973704593873,54.0,5.099999999999994,0.13981498363945377,1.753472222222222,6.28125,6.5,6.3125,6.3125,1.3500000000000014,0.16000000000000014,0.0,,100.0,4878
1761127544.906595,2025-10-22T11:05:44.906595,75.70044751899935,59.300000000000004,5.300000000000004,0.14071047306062212,1.7664930555555556,6.3125,6.40625,6.3125,6.40625,2.3200000000000003,0.29999999999999893,0.14000000000000057,,100.0,4885
1761127544.976216,2025-10-22T11:05:44.976216,75.80611947303015,64.8,5.499999999999993,0.10567195403079666,1.7578125,6.34375,6.59375,6.1875,6.46875,3.0700000000000003,0.16999999999999993,0.0,,100.0,4892
1761127545.116262,2025-10-22T11:05:45.116262,76.0521638010525,69.8,5.0,0.2460443280223501,1.7708333333333333,6.34375,6.53125,6.21875,6.53125,2.8999999999999986,0.16000000000000014,0.019999999999999574,,100.0,4906
1761127545.226636,2025-10-22T11:05:45.226636,76.26474988129402,75.10000000000001,5.300000000000011,0.2125860802415218,1.7838541666666665,6.3125,6.625,6.34375,6.5,3.049999999999997,-0.21000000000000085,0.08000000000000007,,100.0,4917
1761127545.296244,2025-10-22T11:05:45.296244,76.3719801377091,80.2,5.099999999999994,0.10723025641507888,1.7881944444444444,6.28125,6.6875,6.3125,6.5625,3.1799999999999997,-0.08999999999999986,0.009999999999999787,,100.0,4924
1761127545.35623,2025-10-22T11:05:45.356230,76.47853256099752,85.4,5.200000000000003,0.10655242328842007,1.7708333333333333,6.3125,6.75,6.25,6.5,3.509999999999998,0.16000000000000014,0.02999999999999936,,100.0,4930
1761127545.406713,2025-10-22T11:05:45.406713,76.58341020863087,90.9,5.5,0.1048776476333444,1.7751736111111112,6.25,6.59375,6.28125,6.5,3.6799999999999997,0.0,-0.08999999999999986,,100.0,4935
1761127545.446672,2025-10-22T11:05:45.446672,76.6552243557655,96.2,5.299999999999997,0.07181414713463141,1.792534722222222,6.34375,6.625,6.25,6.65625,3.519999999999996,0.1999999999999993,-0.08999999999999986,,100.0,4939
1761127545.486653,2025-10-22T11:05:45.486653,76.7260634795659,102.0,5.799999999999997,0.07083912380039692,1.7664930555555556,6.34375,6.875,6.25,6.46875,3.719999999999999,0.09999999999999964,-0.019999999999999574,,100.0,4943
1761127545.526716,2025-10-22T11:05:45.526716,76.79709496804408,108.30000000000001,6.300000000000011,0.07103148847818375,1.7795138888888888,6.375,6.65625,6.25,6.5625,4.239999999999995,0.4299999999999997,0.07000000000000028,,100.0,4947
1761127545.556189,2025-10-22T11:05:45.556189,76.8330707359645,113.4,5.099999999999994,0.035975767920419344,1.7751736111111112,6.28125,6.78125,6.21875,6.5625,4.469999999999999,0.3200000000000003,0.09999999999999964,,100.0,4950
1761127545.586655,2025-10-22T11:05:45.586655,76.90346827213133,118.5,5.099999999999994,0.07039753616683697,1.7664930555555556,6.25,6.78125,6.15625,6.5625,4.780000000000001,0.27999999999999936,-0.10999999999999943,,100.0,4953
1761127545.616251,2025-10-22T11:05:45.616251,76.93863496287828,123.5,5.0,0.03516669074694789,1.7708333333333333,6.1875,6.84375,6.1875,6.5625,5.100000000000001,0.2400000000000002,0.0,,100.0,4956
1761127545.646731,2025-10-22T11:05:45.646731,77.00965716503559,128.6,5.099999999999994,0.07102220215730881,1.7621527777777777,6.375,6.6875,6.125,6.5625,5.539999999999999,0.2599999999999998,-0.0600000000000005,,100.0,4959
1761127545.676254,2025-10-22T11:05:45.676254,77.04503837455476,134.0,5.400000000000006,0.035381209519172785,1.7664930555555556,6.21875,6.8125,6.125,6.59375,5.719999999999999,0.25,-0.05000000000000071,,100.0,4962
1761127545.706474,2025-10-22T11:05:45.706474,77.11568534477716,139.0,5.0,0.07064697022239841,1.7664930555555556,6.25,6.8125,6.09375,6.625,5.850000000000001,0.33999999999999986,-0.02999999999999936,,100.0,4965
1761127545.736249,2025-10-22T11:05:45.736249,77.15113351949385,144.20000000000002,5.200000000000017,0.03544817471669148,1.7664930555555556,6.1875,6.75,6.125,6.59375,5.989999999999995,0.39000000000000057,0.019999999999999574,,100.0,4968
1761127545.766612,2025-10-22T11:05:45.766612,77.22191362745231,149.5,5.299999999999983,0.07078010795845557,1.7664930555555556,6.25,6.75,6.09375,6.625,6.100000000000001,0.33000000000000007,-0.0600000000000005,,100.0,4971
1761127545.796589,2025-10-22T11:05:45.796589,77.25718164609538,154.70000000000002,5.200000000000017,0.03526801864306606,1.7708333333333333,6.1875,6.875,6.125,6.625,6.25,0.34999999999999964,-0.16000000000000014,,100.0,4974
1761127545.826688,2025-10-22T11:05:45.826688,77.3272985437264,159.70000000000002,5.0,0.07011689763102424,1.7578125,6.28125,6.8125,6.0625,6.59375,6.469999999999999,0.33000000000000007,-0.08000000000000007,,100.0,4977
1761127545.866747,2025-10-22T11:05:45.866747,77.39779627778464,166.3,6.599999999999994,0.070497734058236,1.7491319444444444,6.21875,6.84375,6.03125,6.5625,6.759999999999998,0.33999999999999986,-0.040000000000000924,,100.0,4981
1761127545.896605,2025-10-22T11:05:45.896605,77.43225237561596,171.3,5.0,0.03445609783132397,1.7447916666666665,6.25,6.8125,5.96875,6.59375,7.119999999999997,0.28999999999999915,-0.16000000000000014,,100.0,4984
1761127545.926771,2025-10-22T11:05:45.926771,77.50134194476736,177.20000000000002,5.900000000000006,0.06908956915140152,1.71875,6.125,6.875,5.9375,6.4375,7.390000000000001,0.34999999999999964,-0.120000000000001,,100.0,4987
1761127545.95622,2025-10-22T11:05:45.956220,77.53580043092369,183.20000000000002,6.0,0.03445848615632485,1.7230902777777777,6.1875,6.84375,5.90625,6.5,7.619999999999997,0.5399999999999991,-0.2599999999999998,,100.0,4990
1761127545.98659,2025-10-22T11:05:45.986590,77.60591903184022,190.10000000000002,6.900000000000006,0.07011860091652977,1.753472222222222,6.09375,6.75,5.90625,6.71875,7.640000000000001,0.6099999999999994,-0.14000000000000057,,100.0,4993
1761127546.016185,2025-10-22T11:05:46.016185,77.6409905331416,197.3,7.199999999999989,0.03507150130138825,1.753472222222222,6.125,6.78125,5.875,6.75,7.799999999999997,0.629999999999999,-0.09999999999999964,,100.0,4996
1761127546.036182,2025-10-22T11:05:46.036182,77.67593870663806,202.5,5.199999999999989,0.034948173496459845,1.753472222222222,6.0,6.75,5.90625,6.71875,7.899999999999999,0.5600000000000005,0.0,,100.0,4998
1761127546.056292,2025-10-22T11:05:46.056292,77.7109108865261,207.5,5.0,0.034972179888029586,1.7491319444444444,6.03125,6.65625,5.84375,6.75,8.170000000000002,0.5399999999999991,-0.21000000000000085,,100.0,5000
1761127546.076244,2025-10-22T11:05:46.076244,77.74593773297964,213.20000000000002,5.700000000000017,0.03502684645354748,1.7404513888888888,6.03125,6.9375,5.8125,6.71875,8.549999999999997,0.4800000000000004,-0.27999999999999936,,100.0,5002
1761127546.096467,2025-10-22T11:05:46.096467,77.7804603986442,218.60000000000002,5.400000000000006,0.03452266566455364,1.7317708333333333,6.03125,7.15625,5.78125,6.6875,9.049999999999997,0.40000000000000036,-0.2599999999999998,,100.0,5004
1761127546.116273,2025-10-22T11:05:46.116273,77.81523616363603,224.4,5.799999999999983,0.03477576499183499,1.7317708333333333,6.125,7.21875,5.75,6.71875,9.619999999999997,0.41000000000000014,-0.1899999999999995,,100.0,5006
1761127546.136283,2025-10-22T11:05:46.136283,77.84970820674464,230.0,5.599999999999994,0.03447204310860741,1.7230902777777777,6.15625,7.15625,5.6875,6.71875,10.280000000000001,0.40000000000000036,0.0,,100.0,5008
1761127546.156275,2025-10-22T11:05:46.156275,77.88494354734816,236.0,6.0,0.035235340603520626,1.7230902777777777,6.1875,7.03125,5.65625,6.75,10.909999999999997,0.33999999999999986,0.08000000000000007,,100.0,5010
1761127546.176211,2025-10-22T11:05:46.176211,77.91837988007397,242.20000000000002,6.200000000000017,0.033436332725813145,1.714409722222222,6.21875,7.0,5.625,6.71875,11.46,0.29999999999999893,0.08999999999999986,,100.0,5012
1761127546.196426,2025-10-22T11:05:46.196426,77.95282275519435,248.0,5.799999999999983,0.03444287512037647,1.7230902777777777,6.125,7.03125,5.6875,6.71875,11.699999999999996,0.27999999999999936,0.03999999999999915,,100.0,5014
1761127546.216202,2025-10-22T11:05:46.216202,77.98746976587505,253.8,5.800000000000011,0.03464701068070042,1.7274305555555556,6.09375,7.1875,5.6875,6.75,11.79,0.39000000000000057,0.0,,100.0,5016
1761127546.236636,2025-10-22T11:05:46.236636,78.02141758406326,259.8,6.0,0.03394781818821002,1.6970486111111112,5.96875,7.125,5.78125,6.4375,11.799999999999997,0.35999999999999943,0.0,,100.0,5018
1761127546.256202,2025-10-22T11:05:46.256202,78.05514425660171,265.40000000000003,5.600000000000023,0.03372667253844952,1.6883680555555556,6.0625,7.0625,5.71875,6.4375,11.659999999999997,0.4299999999999997,-0.120000000000001,,100.0,5020
1761127546.276213,2025-10-22T11:05:46.276213,78.08951922381915,271.40000000000003,6.0,0.034374967217445374,1.71875,6.09375,7.09375,5.6875,6.6875,11.36,0.5399999999999991,-0.10999999999999943,,100.0,5022
1761127546.296482,2025-10-22T11:05:46.296482,78.12428487464783,277.0,5.599999999999966,0.034765650828674666,1.7361111111111112,6.09375,7.0625,5.6875,6.8125,11.18,0.5800000000000001,-0.09999999999999964,,100.0,5024
1761127546.316205,2025-10-22T11:05:46.316205,78.15911835163001,282.6,5.600000000000023,0.034833476982186085,1.7404513888888888,6.125,7.0625,5.6875,6.84375,11.229999999999997,0.5499999999999989,-0.09999999999999964,,100.0,5026
1761127546.336151,2025-10-22T11:05:46.336151,78.19364798462223,287.90000000000003,5.300000000000011,0.034529632992217785,1.7274305555555556,6.09375,7.125,5.71875,6.71875,11.530000000000001,0.6500000000000004,0.019999999999999574,,100.0,5028
1761127546.3667,2025-10-22T11:05:46.366700,78.26142975853547,295.0,7.099999999999966,0.06778177391323936,1.6927083333333333,5.8125,7.21875,5.65625,6.53125,12.259999999999998,0.75,-0.09999999999999964,,100.0,5031
1761127546.396443,2025-10-22T11:05:46.396443,78.2958985151102,301.0,6.0,0.034468756574725035,1.7230902777777777,5.84375,7.1875,5.625,6.78125,13.030000000000001,0.9700000000000006,-0.40000000000000036,,100.0,5034
1761127546.426782,2025-10-22T11:05:46.426782,78.36493076446153,306.7,5.699999999999989,0.06903224935133778,1.71875,6.03125,7.34375,5.46875,6.90625,13.86,0.7200000000000006,-0.3200000000000003,,100.0,5037
1761127546.456068,2025-10-22T11:05:46.456068,78.39867874048647,311.8,5.100000000000023,0.03374797602494084,1.6840277777777777,6.21875,7.375,5.40625,6.71875,14.579999999999998,0.8699999999999992,-0.22000000000000064,,100.0,5040
1761127546.496519,2025-10-22T11:05:46.496519,78.46595091641774,317.5,5.699999999999989,0.06727217593126511,1.6883680555555556,6.0625,7.40625,5.375,6.78125,15.21,0.8699999999999992,-0.16999999999999993,,100.0,5044
1761127546.556254,2025-10-22T11:05:46.556254,78.56721434845689,322.8,5.300000000000011,0.101263432039147,1.6970486111111112,6.0,7.34375,5.4375,6.78125,15.159999999999997,0.47000000000000064,-0.0600000000000005,,100.0,5050
1761127546.776261,2025-10-22T11:05:46.776261,78.93865903011621,317.70000000000005,-5.099999999999966,0.37144468165932665,1.6666666666666665,6.03125,7.46875,5.3125,6.6875,15.29,0.3200000000000003,-0.10999999999999943,,100.0,5072
1761127547.066691,2025-10-22T11:05:47.066691,79.44610938222867,317.1,-0.6000000000000227,0.5074503521124569,1.6927083333333333,6.03125,7.375,5.40625,6.78125,14.670000000000002,0.34999999999999964,-0.14000000000000057,,100.0,5101
1761127547.366775,2025-10-22T11:05:47.366775,79.94816876844394,317.3,0.19999999999998863,0.5020593862152651,1.6666666666666665,5.96875,7.0625,5.3125,6.6875,14.479999999999997,0.4499999999999993,0.009999999999999787,,100.0,5131
1761127547.686641,2025-10-22T11:05:47.686641,80.47766049082074,317.5,0.19999999999998863,0.5294917223768039,1.6796875,5.8125,7.21875,5.40625,6.6875,14.839999999999996,0.47000000000000064,-0.05000000000000071,,100.0,5163
1761127548.006619,2025-10-22T11:05:48.006619,81.00544498819437,316.90000000000003,-0.5999999999999659,0.5277844973736308,1.6276041666666665,5.96875,7.25,5.15625,6.5625,14.769999999999996,0.3100000000000005,-0.17999999999999972,,100.0,5195
1761127548.326593,2025-10-22T11:05:48.326593,81.52822131084062,318.1,1.1999999999999886,0.5227763226462514,1.6015625,5.78125,7.03125,5.125,6.40625,14.420000000000002,0.4900000000000002,-0.16999999999999993,,100.0,5227
1761127548.646698,2025-10-22T11:05:48.646698,82.04082584836404,319.20000000000005,1.1000000000000227,0.5126045375234156,1.6015625,5.6875,7.03125,5.125,6.40625,13.79,0.16999999999999993,-0.040000000000000924,,100.0,5259
1761127548.966616,2025-10-22T11:05:48.966616,82.54984755896847,320.5,1.2999999999999545,0.5090217106044292,1.6015625,5.71875,6.90625,5.125,6.40625,14.11,0.40000000000000036,-0.009999999999999787,,100.0,5291
1761127549.286563,2025-10-22T11:05:49.286563,83.06249637467154,317.5,-3.0,0.5126488157030735,1.6493055555555556,5.71875,7.03125,5.4375,6.4375,14.309999999999995,0.1999999999999993,0.2400000000000002,,100.0,5323
1761127549.606664,2025-10-22T11:05:49.606664,83.57516570120211,317.3,-0.19999999999998863,0.5126693265305704,1.5668402777777777,5.71875,6.96875,4.84375,6.4375,13.699999999999996,0.33999999999999986,0.049999999999998934,,100.0,5355
1761127549.926637,2025-10-22T11:05:49.926637,84.07634765323654,317.0,-0.30000000000001137,0.501181952034429,1.5147569444444444,5.53125,6.8125,4.65625,6.25,14.030000000000001,0.16999999999999993,-0.4299999999999997,,100.0,5387
1761127550.266657,2025-10-22T11:05:50.266657,84.60153381029751,315.40000000000003,-1.599999999999966,0.5251861570609719,1.5060763888888888,5.4375,6.6875,4.78125,6.0625,13.119999999999997,0.5700000000000003,-0.2699999999999996,,100.0,5421
1761127550.606574,2025-10-22T11:05:50.606574,85.11784196003431,312.20000000000005,-3.1999999999999886,0.5163081497368012,1.5104166666666665,5.4375,6.625,4.90625,5.96875,13.0,0.2599999999999998,-0.05000000000000071,,100.0,5455
1761127550.946606,2025-10-22T11:05:50.946606,85.63784357056839,311.3,-0.9000000000000341,0.5200016105340808,1.5364583333333333,5.40625,6.6875,4.90625,6.15625,13.04,0.2699999999999996,-0.02999999999999936,,100.0,5489
1761127551.286573,2025-10-22T11:05:51.286573,86.16094573297423,310.6,-0.6999999999999886,0.5231021624058343,1.5451388888888888,5.4375,6.65625,4.96875,6.15625,13.159999999999997,0.40000000000000036,-0.13000000000000078,,100.0,5523
1761127551.626752,2025-10-22T11:05:51.626752,86.68571831244552,308.0,-2.6000000000000227,0.5247725794712892,1.5451388888888888,5.5,6.65625,4.9375,6.1875,13.219999999999999,0.35999999999999943,0.03999999999999915,,100.0,5557
1761127551.966704,2025-10-22T11:05:51.966704,87.21558671237683,307.70000000000005,-0.2999999999999545,0.529868399931317,1.558159722222222,5.53125,6.71875,5.0,6.21875,13.049999999999997,0.5199999999999996,-0.019999999999999574,,100.0,5591
1761127552.306152,2025-10-22T11:05:52.306152,87.74630636597665,307.5,-0.20000000000004547,0.5307196535998173,1.5798611111111112,5.5,6.6875,5.0625,6.3125,13.119999999999997,0.28999999999999915,0.02999999999999936,,100.0,5625
1761127552.62664,2025-10-22T11:05:52.626640,88.24779881681823,307.5,0.0,0.5014924508415817,1.5668402777777777,5.5625,6.8125,5.03125,6.25,13.239999999999995,0.4900000000000002,0.0,,100.0,5657
1761127552.94657,2025-10-22T11:05:52.946570,88.75408372841767,307.0,-0.5,0.5062849115994368,1.5798611111111112,5.65625,6.84375,5.125,6.25,13.129999999999995,0.5,-0.05000000000000071,,100.0,5689
1761127553.266595,2025-10-22T11:05:53.266595,89.26185133970436,306.8,-0.19999999999998863,0.5077676112866953,1.5798611111111112,5.59375,6.875,5.09375,6.28125,13.280000000000001,0.41999999999999993,-0.120000000000001,,100.0,5721
1761127553.586609,2025-10-22T11:05:53.586609,89.77117395959785,306.7,-0.10000000000002274,0.5093226198934815,1.5928819444444444,5.625,6.84375,5.125,6.34375,13.049999999999997,0.5600000000000005,-0.09999999999999964,,100.0,5753
1761127553.9065,2025-10-22T11:05:53.906500,90.27920912330339,306.2,-0.5,0.5080351637055429,1.6015625,5.65625,6.8125,5.125,6.40625,13.059999999999995,0.2699999999999996,-0.13000000000000078,,100.0,5785
1761127554.226689,2025-10-22T11:05:54.226689,90.79115086959457,306.0,-0.19999999999998863,0.5119417462911855,1.597222222222222,5.59375,6.90625,5.125,6.375,13.239999999999995,0.5999999999999996,-0.15000000000000036,,100.0,5817
1761127554.546591,2025-10-22T11:05:54.546591,91.3000798711759,305.5,-0.5,0.5089290015813219,1.597222222222222,5.59375,6.875,5.15625,6.34375,12.949999999999996,0.34999999999999964,-0.0600000000000005,,100.0,5849
1761127554.866585,2025-10-22T11:05:54.866585,91.81010753951129,305.3,-0.19999999999998863,0.5100276683353968,1.5842013888888888,5.71875,6.90625,5.125,6.28125,13.379999999999995,0.47000000000000064,0.0,,100.0,5881
1761127555.186581,2025-10-22T11:05:55.186581,92.32241291449294,305.90000000000003,0.6000000000000227,0.5123053749816506,1.6059027777777777,5.625,6.9375,5.21875,6.34375,13.18,0.4900000000000002,0.0,,100.0,5913
1761127555.296108,2025-10-22T11:05:55.296108,92.48314563391929,310.90000000000003,5.0,0.16073271942634904,1.6059027777777777,5.6875,6.75,5.15625,6.40625,13.100000000000001,0.5199999999999996,-0.14000000000000057,,100.0,5924
1761127555.356103,2025-10-22T11:05:55.356103,92.57860189096787,316.1,5.199999999999989,0.09545625704858196,1.5928819444444444,5.625,6.90625,5.09375,6.375,13.25,0.6500000000000004,-0.15000000000000036,,100.0,5930
1761127555.416086,2025-10-22T11:05:55.416086,92.67396518029264,321.6,5.5,0.09536328932476579,1.5928819444444444,5.59375,6.9375,5.03125,6.4375,13.909999999999997,0.6500000000000004,-0.16000000000000014,,100.0,5936
1761127555.476158,2025-10-22T11:05:55.476158,92.76826282963148,327.1,5.5,0.09429764933884144,1.5755208333333333,5.71875,6.9375,4.96875,6.375,14.379999999999995,0.41999999999999993,-0.16999999999999993,,100.0,5942
1761127555.536195,2025-10-22T11:05:55.536195,92.86278837256953,332.70000000000005,5.600000000000023,0.09452554293804383,1.5711805555555556,5.625,6.9375,4.96875,6.34375,14.46,0.35999999999999943,-0.040000000000000924,,100.0,5948
1761127555.596382,2025-10-22T11:05:55.596382,92.95760021027583,338.0,5.2999999999999545,0.09481183770630253,1.5755208333333333,5.59375,6.9375,5.0,6.34375,14.54,0.5,-0.09999999999999964,,100.0,5954
1761127555.686601,2025-10-22T11:05:55.686601,93.11573774346867,343.20000000000005,5.2000000000000455,0.15813753319284274,1.5798611111111112,5.59375,6.9375,5.0,6.375,14.659999999999997,0.5099999999999998,-0.08999999999999986,,100.0,5963
1761127555.846678,2025-10-22T11:05:55.846678,93.3659084596567,348.3,5.099999999999966,0.25017071618802333,1.5668402777777777,5.59375,6.96875,4.9375,6.34375,15.530000000000001,0.4299999999999997,-0.08000000000000007,,100.0,5979
1761127555.996589,2025-10-22T11:05:55.996589,93.58606635075469,353.3,5.0,0.22015789109799755,1.5538194444444444,5.625,7.03125,4.90625,6.28125,14.89,0.5800000000000001,-0.15000000000000036,,100.0,5994
1761127556.226632,2025-10-22T11:05:56.226632,93.96025692216219,358.3,5.0,0.374190571407496,1.5538194444444444,5.5625,7.125,4.84375,6.34375,15.989999999999995,0.29999999999999893,0.0,,100.0,6017
1761127556.326615,2025-10-22T11:05:56.326615,94.1163040656182,363.40000000000003,5.100000000000023,0.15604714345600712,1.5625,5.59375,6.96875,4.9375,6.3125,15.339999999999996,0.39000000000000057,-0.1899999999999995,,100.0,6027
1761127556.666633,2025-10-22T11:05:56.666633,94.64026007594329,361.40000000000003,-2.0,0.5239560103250938,1.5147569444444444,5.59375,7.0,4.6875,6.21875,15.79,0.5199999999999996,-0.1899999999999995,,100.0,6061
1761127556.726559,2025-10-22T11:05:56.726559,94.73137418325571,355.5,-5.900000000000034,0.09111410731242131,1.5147569444444444,5.59375,6.96875,4.65625,6.25,15.89,0.4399999999999995,-0.09999999999999964,,100.0,6067
1761127556.776055,2025-10-22T11:05:56.776055,94.79235448460607,350.1,-5.399999999999977,0.06098030135035515,1.5234375,5.59375,6.90625,4.71875,6.25,16.0,0.16999999999999993,0.009999999999999787,,100.0,6072
1761127556.826692,2025-10-22T11:05:56.826692,94.8841859493404,344.1,-6.0,0.09183146473434078,1.5321180555555556,5.53125,6.96875,4.75,6.28125,15.869999999999997,0.009999999999999787,0.0,,100.0,6077
1761127556.876011,2025-10-22T11:05:56.876011,94.94562261116995,338.3,-5.800000000000011,0.061436661829546324,1.5364583333333333,5.53125,6.96875,4.78125,6.28125,15.43,0.16999999999999993,0.0600000000000005,,100.0,6082
1761127556.92659,2025-10-22T11:05:56.926590,95.03764975195124,332.5,-5.800000000000011,0.09202714078128338,1.5321180555555556,5.5,6.78125,4.8125,6.21875,14.899999999999999,0.28999999999999915,0.0,,100.0,6087
1761127556.976194,2025-10-22T11:05:56.976194,95.0989274349477,327.5,-5.0,0.061277682996461635,1.5364583333333333,5.5,6.875,4.90625,6.15625,14.199999999999996,0.17999999999999972,-0.14000000000000057,,100.0,6092
1761127557.036175,2025-10-22T11:05:57.036175,95.19120677891699,321.90000000000003,-5.599999999999966,0.09227934396929527,1.5407986111111112,5.4375,6.6875,4.875,6.21875,13.61,0.2699999999999996,-0.07000000000000028,,100.0,6098
1761127557.096425,2025-10-22T11:05:57.096425,95.28384297879201,316.90000000000003,-5.0,0.0926361998750167,1.5364583333333333,5.40625,6.75,4.90625,6.15625,13.329999999999998,0.34999999999999964,-0.040000000000000924,,100.0,6104
1761127557.156165,2025-10-22T11:05:57.156165,95.37596622171496,311.0,-5.900000000000034,0.09212324292295193,1.5364583333333333,5.5,6.78125,4.875,6.1875,13.57,0.33999999999999986,-0.08000000000000007,,100.0,6110
1761127557.206383,2025-10-22T11:05:57.206383,95.468098319446,305.0,-6.0,0.0921320977310387,1.5364583333333333,5.46875,6.71875,4.875,6.1875,13.79,0.23000000000000043,0.009999999999999787,,100.0,6115
1761127557.256161,2025-10-22T11:05:57.256161,95.52988629891635,299.2,-5.800000000000011,0.06178797947035264,1.5451388888888888,5.46875,6.6875,4.9375,6.1875,13.469999999999999,0.10999999999999943,0.009999999999999787,,100.0,6120
1761127557.306497,2025-10-22T11:05:57.306497,95.62248021881608,294.0,-5.199999999999989,0.09259391989972698,1.5451388888888888,5.46875,6.6875,4.9375,6.1875,12.939999999999998,0.14000000000000057,-0.009999999999999787,,100.0,6125
1761127557.356117,2025-10-22T11:05:57.356117,95.6840068702068,288.90000000000003,-5.099999999999966,0.061526651390721554,1.5407986111111112,5.5,6.625,5.0,6.09375,12.43,0.2599999999999998,0.0,,100.0,6130
1761127557.406593,2025-10-22T11:05:57.406593,95.7763702070547,283.2,-5.7000000000000455,0.092363336847896,1.5407986111111112,5.53125,6.625,4.96875,6.125,12.129999999999995,0.2599999999999998,-0.040000000000000924,,100.0,6135
1761127557.446422,2025-10-22T11:05:57.446422,95.83815203565685,278.1,-5.099999999999966,0.06178182860215031,1.5451388888888888,5.46875,6.65625,4.96875,6.15625,12.009999999999998,0.2699999999999996,0.0,,100.0,6139
1761127557.486485,2025-10-22T11:05:57.486485,95.89998995781767,272.5,-5.600000000000023,0.0618379221608194,1.5538194444444444,5.4375,6.625,5.03125,6.15625,11.879999999999995,0.2400000000000002,0.0,,100.0,6143
1761127557.526647,2025-10-22T11:05:57.526647,95.96192666329436,266.2,-6.300000000000011,0.06193670547669683,1.5451388888888888,5.4375,6.5625,5.03125,6.09375,11.879999999999995,0.2400000000000002,0.07000000000000028,,100.0,6147
1761127557.556527,2025-10-22T11:05:57.556527,95.99286966957145,260.8,-5.399999999999977,0.03094300627708435,1.5494791666666665,5.46875,6.53125,5.0,6.15625,11.739999999999995,0.2699999999999996,0.03999999999999915,,100.0,6150
1761127557.586548,2025-10-22T11:05:57.586548,96.05512644060776,254.8,-6.0,0.062256771036317105,1.558159722222222,5.46875,6.59375,5.0625,6.15625,11.68,0.09999999999999964,-0.0600000000000005,,100.0,6153
1761127557.61607,2025-10-22T11:05:57.616070,96.08630335061908,247.9,-6.900000000000006,0.031176910011311065,1.558159722222222,5.5,6.5625,5.0625,6.15625,11.5,0.049999999999998934,0.02999999999999936,,100.0,6156
1761127557.646493,2025-10-22T11:05:57.646493,96.14881595700145,240.5,-7.400000000000006,0.06251260638237,1.5625,5.46875,6.5625,5.09375,6.15625,11.239999999999995,0.0600000000000005,0.16000000000000014,,100.0,6159
1761127557.666568,2025-10-22T11:05:57.666568,96.18029328787486,235.10000000000002,-5.399999999999977,0.031477330873414644,1.5755208333333333,5.5,6.53125,5.15625,6.1875,11.100000000000001,0.07000000000000028,0.07000000000000028,,100.0,6161
1761127557.686597,2025-10-22T11:05:57.686597,96.21166293716259,229.4,-5.700000000000017,0.031369649287725565,1.5668402777777777,5.5,6.53125,5.15625,6.125,10.829999999999998,0.0600000000000005,0.16000000000000014,,100.0,6163
1761127557.706665,2025-10-22T11:05:57.706665,96.24332320152051,223.60000000000002,-5.799999999999983,0.03166026435792446,1.5755208333333333,5.5,6.53125,5.21875,6.125,10.61,0.0,0.11999999999999922,,100.0,6165
1761127557.726086,2025-10-22T11:05:57.726086,96.27453138844828,217.70000000000002,-5.900000000000006,0.031208186927770498,1.5711805555555556,5.53125,6.53125,5.1875,6.125,10.350000000000001,0.019999999999999574,0.07000000000000028,,100.0,6167
1761127557.746382,2025-10-22T11:05:57.746382,96.3059637964599,211.8,-5.900000000000006,0.03143240801162506,1.5668402777777777,5.5,6.53125,5.15625,6.125,10.04,0.009999999999999787,0.10999999999999943,,100.0,6169
1761127557.766388,2025-10-22T11:05:57.766388,96.33736712754595,206.20000000000002,-5.599999999999994,0.03140333108603954,1.5755208333333333,5.5625,6.4375,5.21875,6.125,9.79,0.0,0.02999999999999936,,100.0,6171
1761127557.786133,2025-10-22T11:05:57.786133,96.36876089394914,200.60000000000002,-5.599999999999994,0.03139376640319824,1.5625,5.5625,6.40625,5.15625,6.09375,9.5,0.0,0.129999999999999,,100.0,6173
1761127557.806674,2025-10-22T11:05:57.806674,96.40003988001904,195.5,-5.100000000000023,0.03127898606989277,1.5711805555555556,5.5625,6.375,5.21875,6.09375,9.18,-0.019999999999999574,0.0,,100.0,6175
1761127557.826368,2025-10-22T11:05:57.826368,96.43178431006764,190.4,-5.099999999999994,0.0317444300486045,1.5842013888888888,5.5625,6.40625,5.3125,6.09375,8.839999999999996,-0.10999999999999943,0.009999999999999787,,100.0,6177
1761127557.856406,2025-10-22T11:05:57.856406,96.463695846291,183.5,-6.900000000000006,0.031911536223361736,1.5928819444444444,5.5625,6.4375,5.3125,6.15625,8.379999999999995,-0.09999999999999964,0.03999999999999915,,100.0,6180
1761127557.886631,2025-10-22T11:05:57.886631,96.52736984917682,177.4,-6.099999999999994,0.06367400288581848,1.597222222222222,5.5625,6.40625,5.40625,6.09375,8.009999999999998,-0.10999999999999943,0.1999999999999993,,100.0,6183
1761127557.916339,2025-10-22T11:05:57.916339,96.55950466688303,172.3,-5.099999999999994,0.03213481770620774,1.597222222222222,5.5625,6.34375,5.40625,6.09375,7.710000000000001,-0.07000000000000028,0.1999999999999993,,100.0,6186
1761127557.956124,2025-10-22T11:05:57.956124,96.62358116358513,166.8,-5.5,0.06407649670209992,1.6059027777777777,5.625,6.28125,5.46875,6.09375,7.32,-0.07000000000000028,0.20999999999999908,,100.0,6190
1761127558.006357,2025-10-22T11:05:58.006357,96.71978731950118,161.70000000000002,-5.099999999999994,0.0962061559160503,1.6015625,5.625,6.34375,5.5,6.03125,6.739999999999995,-0.05000000000000071,0.07000000000000028,,100.0,6195
1761127558.046428,2025-10-22T11:05:58.046428,96.78393854759628,155.9,-5.800000000000011,0.0641512280950991,1.6059027777777777,5.625,6.34375,5.53125,6.03125,6.469999999999999,0.07000000000000028,0.0,,100.0,6199
1761127558.076458,2025-10-22T11:05:58.076458,96.81618023353313,150.5,-5.400000000000006,0.03224168593685306,1.6102430555555556,5.65625,6.34375,5.53125,6.0625,6.419999999999995,0.16000000000000014,0.08000000000000007,,100.0,6202
1761127558.106419,2025-10-22T11:05:58.106419,96.88037492852239,144.20000000000002,-6.299999999999983,0.06419469498925423,1.5928819444444444,5.65625,6.3125,5.5,5.96875,6.43,0.2400000000000002,0.03999999999999915,,100.0,6205
1761127558.13605,2025-10-22T11:05:58.136050,96.91200749224254,137.20000000000002,-7.0,0.03163256372015155,1.5885416666666665,5.65625,6.3125,5.46875,5.96875,6.5,0.15000000000000036,0.0,,100.0,6208
1761127558.166512,2025-10-22T11:05:58.166512,96.97597219505239,129.9,-7.300000000000011,0.06396470280985511,1.6015625,5.65625,6.3125,5.5,6.03125,6.43,0.11999999999999922,0.0,,100.0,6211
1761127558.186519,2025-10-22T11:05:58.186519,97.0078910949329,124.80000000000001,-5.099999999999994,0.03191889988050889,1.597222222222222,5.65625,6.25,5.46875,6.03125,6.350000000000001,0.08000000000000007,0.03999999999999915,,100.0,6213
1761127558.20649,2025-10-22T11:05:58.206490,97.03990153140487,119.30000000000001,-5.5,0.032010436471964,1.6059027777777777,5.65625,6.25,5.53125,6.03125,6.239999999999995,-0.02999999999999936,0.02999999999999936,,100.0,6215
1761127558.226519,2025-10-22T11:05:58.226519,97.0723498353941,114.30000000000001,-5.0,0.03244830398924137,1.6189236111111112,5.65625,6.25,5.5625,6.09375,5.979999999999997,-0.02999999999999936,0.03999999999999915,,100.0,6217
1761127558.246542,2025-10-22T11:05:58.246542,97.10470048607219,108.9,-5.400000000000006,0.03235065067808307,1.6189236111111112,5.6875,6.1875,5.5625,6.09375,5.649999999999999,-0.07000000000000028,0.08000000000000007,,100.0,6219
1761127558.266469,2025-10-22T11:05:58.266469,97.13715342183903,103.60000000000001,-5.299999999999997,0.03245293576684105,1.6189236111111112,5.65625,6.1875,5.5625,6.09375,5.269999999999996,-0.08999999999999986,0.129999999999999,,100.0,6221
1761127558.28655,2025-10-22T11:05:58.286550,97.16957586506997,98.0,-5.6000000000000085,0.03242244323094212,1.6189236111111112,5.6875,6.1875,5.59375,6.0625,4.909999999999997,-0.08000000000000007,0.14000000000000057,,100.0,6223
1761127558.306369,2025-10-22T11:05:58.306369,97.20198029031351,92.5,-5.5,0.03240442524354137,1.6145833333333333,5.6875,6.1875,5.5625,6.0625,4.539999999999999,-0.120000000000001,0.07000000000000028,,100.0,6225
1761127558.326525,2025-10-22T11:05:58.326525,97.23399130006626,87.2,-5.299999999999997,0.0320110097527504,1.6145833333333333,5.6875,6.1875,5.59375,6.03125,4.210000000000001,-0.16999999999999993,0.10999999999999943,,100.0,6227
1761127558.356576,2025-10-22T11:05:58.356576,97.26638749655746,80.5,-6.700000000000003,0.03239619649119163,1.6189236111111112,5.6875,6.1875,5.65625,6.0,3.8200000000000003,-0.21000000000000085,0.03999999999999915,,100.0,6230
1761127558.386539,2025-10-22T11:05:58.386539,97.33104334937197,74.60000000000001,-5.8999999999999915,0.0646558528145107,1.6145833333333333,5.78125,6.09375,5.65625,5.96875,3.6099999999999994,-0.33999999999999986,0.08999999999999986,,100.0,6233
1761127558.416586,2025-10-22T11:05:58.416586,97.3636753401822,69.60000000000001,-5.0,0.032631990810230604,1.6276041666666665,5.78125,6.09375,5.75,5.96875,3.460000000000001,-0.3100000000000005,0.08999999999999986,,100.0,6236
1761127558.456571,2025-10-22T11:05:58.456571,97.42875784014656,64.60000000000001,-5.0,0.06508249996436177,1.6232638888888888,5.84375,6.125,5.75,5.9375,3.1299999999999955,-0.3100000000000005,0.20999999999999908,,100.0,6240
1761127558.526602,2025-10-22T11:05:58.526602,97.55868704782586,59.2,-5.400000000000006,0.1299292076792966,1.6232638888888888,5.78125,6.0625,5.75,5.9375,2.5700000000000003,-0.05000000000000071,0.14000000000000057,,100.0,6247
1761127558.576096,2025-10-22T11:05:58.576096,97.62323304803829,54.2,-5.0,0.06454600021243095,1.6102430555555556,5.8125,6.09375,5.71875,5.875,2.3200000000000003,0.08999999999999986,0.0,,100.0,6252
1761127558.616058,2025-10-22T11:05:58.616058,97.68768425099545,47.6,-6.600000000000001,0.06445120295715867,1.6145833333333333,5.8125,6.0625,5.71875,5.90625,2.3500000000000014,0.03999999999999915,-0.019999999999999574,,100.0,6256
1761127558.646539,2025-10-22T11:05:58.646539,97.75274429987695,42.6,-5.0,0.06506004888150585,1.6232638888888888,5.84375,6.0625,5.8125,5.875,2.4199999999999946,-0.05000000000000071,0.07000000000000028,,100.0,6259
1761127558.676125,2025-10-22T11:05:58.676125,97.78524900993533,36.9,-5.700000000000003,0.03250471005837596,1.6276041666666665,5.84375,6.09375,5.8125,5.90625,2.4099999999999966,-0.1899999999999995,0.07000000000000028,,100.0,6262
1761127558.706434,2025-10-22T11:05:58.706434,97.85092816274192,30.5,-6.399999999999999,0.0656791528065952,1.640625,5.8125,6.09375,5.875,5.9375,2.1899999999999977,-0.20000000000000107,0.11999999999999922,,100.0,6265
1761127558.736054,2025-10-22T11:05:58.736054,97.88336002681811,23.8,-6.699999999999999,0.03243186407618737,1.6319444444444444,5.8125,6.09375,5.84375,5.90625,1.8900000000000006,-0.16000000000000014,0.23000000000000043,,100.0,6268
1761127558.766523,2025-10-22T11:05:58.766523,97.9491377145879,16.5,-7.300000000000001,0.06577768776979553,1.6449652777777777,5.875,6.03125,5.875,5.96875,1.4899999999999949,-0.0600000000000005,0.10999999999999943,,100.0,6271
1761127558.78659,2025-10-22T11:05:58.786590,97.98191576161311,10.9,-5.6,0.032778047025203705,1.640625,5.90625,6.03125,5.875,5.9375,1.1400000000000006,0.0,0.15000000000000036,,100.0,6273
1761127558.80657,2025-10-22T11:05:58.806570,98.01463635327907,5.1000000000000005,-5.8,0.03272059166596364,1.636284722222222,5.9375,6.03125,5.90625,5.875,0.8099999999999952,-0.02999999999999936,0.0600000000000005,,100.0,6275
1761127558.826499,2025-10-22T11:05:58.826499,98.04742574381324,-0.4,-5.500000000000001,0.03278939053416252,1.640625,5.96875,6.03125,5.90625,5.90625,0.5,-0.019999999999999574,0.08000000000000007,,100.0,6277
1761127558.84657,2025-10-22T11:05:58.846570,98.08026794033738,-6.2,-5.8,0.03284219652414322,1.640625,6.0,6.03125,5.9375,5.875,0.22999999999999687,-0.05000000000000071,0.07000000000000028,,100.0,6279
1761127558.866632,2025-10-22T11:05:58.866632,98.11293948131295,-11.8,-5.6000000000000005,0.03267154097557068,1.6319444444444444,6.0,6.03125,5.9375,5.8125,-0.07000000000000028,-0.17999999999999972,0.15000000000000036,,100.0,6281
1761127558.886623,2025-10-22T11:05:58.886623,98.14574502201536,-17.1,-5.300000000000001,0.03280554070241237,1.6449652777777777,5.96875,6.03125,5.9375,5.90625,-0.30000000000000426,-0.22000000000000064,0.09999999999999964,,100.0,6283
1761127558.906484,2025-10-22T11:05:58.906484,98.178971775083,-22.3,-5.199999999999999,0.03322675306763756,1.6449652777777777,5.96875,5.96875,5.9375,5.90625,-0.45000000000000284,-0.3000000000000007,0.129999999999999,,100.0,6285
1761127558.926556,2025-10-22T11:05:58.926556,98.21164906956247,-27.700000000000003,-5.400000000000002,0.032677294479469765,1.6449652777777777,5.96875,5.96875,5.9375,5.90625,-0.5900000000000034,-0.33000000000000007,0.129999999999999,,100.0,6287
1761127558.946602,2025-10-22T11:05:58.946602,98.24471682930978,-32.9,-5.199999999999996,0.03306775974731124,1.6536458333333333,6.0,5.9375,6.0,5.90625,-0.6900000000000048,-0.39000000000000057,0.049999999999998934,,100.0,6289
1761127558.966645,2025-10-22T11:05:58.966645,98.27770802088902,-38.2,-5.300000000000004,0.03299119157924224,1.6493055555555556,6.0625,5.96875,5.96875,5.90625,-0.8000000000000043,-0.40000000000000036,0.09999999999999964,,100.0,6291
1761127558.986598,2025-10-22T11:05:58.986598,98.31077420359676,-43.6,-5.399999999999999,0.03306618270774209,1.6536458333333333,6.09375,5.96875,5.96875,5.9375,-0.8999999999999986,-0.41000000000000014,0.019999999999999574,,100.0,6293
1761127559.006575,2025-10-22T11:05:59.006575,98.34392084947055,-48.7,-5.100000000000001,0.03314664587378502,1.6579861111111112,6.09375,5.9375,6.0,5.9375,-1.0200000000000031,-0.4299999999999997,0.11999999999999922,,100.0,6295
1761127559.026623,2025-10-22T11:05:59.026623,98.3769125170591,-53.900000000000006,-5.200000000000003,0.0329916675885471,1.6536458333333333,6.125,6.0,6.03125,5.875,-1.2000000000000028,-0.45000000000000107,0.08999999999999986,,100.0,6297
1761127559.056172,2025-10-22T11:05:59.056172,98.40993162761951,-61.300000000000004,-7.399999999999999,0.033019110560417175,1.6493055555555556,6.125,5.96875,5.96875,5.90625,-1.6000000000000014,-0.5,0.1999999999999993,,100.0,6300
1761127559.086572,2025-10-22T11:05:59.086572,98.4757568759636,-68.0,-6.699999999999996,0.06582524834408332,1.6449652777777777,6.15625,5.9375,6.03125,5.8125,-2.010000000000005,-0.5500000000000007,0.009999999999999787,,100.0,6303
1761127559.116056,2025-10-22T11:05:59.116056,98.50897783723963,-73.8,-5.799999999999997,0.03322096127602947,1.6579861111111112,6.125,5.9375,6.125,5.8125,-2.520000000000003,-0.5800000000000001,0.03999999999999915,,100.0,6306
1761127559.146503,2025-10-22T11:05:59.146503,98.57474520802491,-78.80000000000001,-5.000000000000014,0.06576737078528083,1.640625,6.15625,5.90625,6.125,5.6875,-2.9100000000000037,-0.5199999999999996,0.009999999999999787,,100.0,6309
1761127559.196506,2025-10-22T11:05:59.196506,98.64112894671652,-84.7,-5.8999999999999915,0.06638373869161285,1.6666666666666665,6.21875,5.90625,6.28125,5.71875,-3.5800000000000054,-0.33000000000000007,0.019999999999999574,,100.0,6314
1761127559.386534,2025-10-22T11:05:59.386534,98.97263442787023,-79.60000000000001,5.099999999999994,0.33150548115371237,1.6666666666666665,6.3125,5.875,6.21875,5.78125,-3.8200000000000003,0.0,0.0,,100.0,6333
1761127559.446595,2025-10-22T11:05:59.446595,99.07264646246193,-73.8,5.800000000000011,0.10001203459169972,1.6710069444444444,6.28125,5.9375,6.21875,5.8125,-3.4200000000000017,-0.08999999999999986,0.11999999999999922,,100.0,6339
1761127559.50618,2025-10-22T11:05:59.506180,99.17368231134274,-68.10000000000001,5.699999999999989,0.1010358488808123,1.6883680555555556,6.28125,5.90625,6.28125,5.875,-3.3700000000000045,-0.040000000000000924,0.1999999999999993,,100.0,6345
1761127559.576171,2025-10-22T11:05:59.576171,99.27365352813561,-62.6,5.500000000000007,0.09997121679286636,1.6710069444444444,6.3125,6.0,6.21875,5.8125,-3.4100000000000037,0.0,0.0,,100.0,6352
1761127559.666632,2025-10-22T11:05:59.666632,99.44009499417405,-57.2,5.399999999999999,0.16644146603843524,1.6666666666666665,6.3125,5.9375,6.15625,5.84375,-3.0,0.009999999999999787,0.049999999999998934,,100.0,6361
1761127559.776232,2025-10-22T11:05:59.776232,99.60758072531051,-52.0,5.200000000000003,0.16748573113646614,1.6796875,6.3125,5.96875,6.21875,5.875,-2.5700000000000003,-0.15000000000000036,0.09999999999999964,,100.0,6372
1761127559.866604,2025-10-22T11:05:59.866604,99.77589618621595,-46.900000000000006,5.099999999999994,0.1683154609054327,1.6796875,6.25,6.0,6.21875,5.875,-2.490000000000002,0.08000000000000007,0.0,,100.0,6381
1761127559.956042,2025-10-22T11:05:59.956042,99.90970188337889,-41.5,5.400000000000006,0.13380569716294133,1.6710069444444444,6.34375,6.0,6.15625,5.875,-2.3900000000000006,-0.09999999999999964,0.02999999999999936,,100.0,6390
1761127560.056415,2025-10-22T11:06:00.056415,100.07819531174991,-35.9,5.600000000000001,0.168493428371022,1.6970486111111112,6.21875,6.03125,6.25,5.96875,-2.020000000000003,-0.08000000000000007,0.14000000000000057,,100.0,6400
1761127560.176234,2025-10-22T11:06:00.176234,100.28133040707965,-30.5,5.399999999999999,0.20313509532974194,1.6927083333333333,6.34375,6.125,6.1875,6.0,-1.6799999999999997,0.0,0.07000000000000028,,100.0,6412
1761127560.296476,2025-10-22T11:06:00.296476,100.48551769927136,-25.5,5.0,0.20418729219170473,1.7057291666666665,6.3125,6.125,6.28125,6.0,-1.490000000000002,-0.040000000000000924,0.0,,100.0,6424
1761127560.426602,2025-10-22T11:06:00.426602,100.72545707639712,-20.200000000000003,5.299999999999997,0.23993937712576496,1.7317708333333333,6.34375,6.21875,6.34375,6.125,-1.25,-0.10999999999999943,0.08999999999999986,,100.0,6437
1761127560.546567,2025-10-22T11:06:00.546567,100.93179673887781,-15.100000000000001,5.100000000000001,0.20633966248068702,1.71875,6.28125,6.21875,6.3125,6.0625,-1.1000000000000014,-0.05000000000000071,0.08000000000000007,,100.0,6449
1761127560.746576,2025-10-22T11:06:00.746576,101.27733717258596,-9.9,5.200000000000001,0.3455404337081518,1.7230902777777777,6.34375,6.3125,6.25,6.15625,-0.8000000000000043,0.03999999999999915,0.0,,100.0,6469
1761127561.046516,2025-10-22T11:06:01.046516,101.800796067756,-6.0,3.9000000000000004,0.5234588951700374,1.7491319444444444,6.40625,6.375,6.375,6.21875,-0.6099999999999994,-0.019999999999999574,0.11999999999999922,,100.0,6499
1761127561.346388,2025-10-22T11:06:01.346388,102.31919536884452,-2.9000000000000004,3.0999999999999996,0.5183993010885217,1.6666666666666665,6.0625,6.0,6.0625,5.9375,0.00999999999999801,0.0,-0.5099999999999998,,100.0,6529
1761127561.686436,2025-10-22T11:06:01.686436,102.83218926439673,-2.3000000000000003,0.6000000000000001,0.5129938955522135,1.3194444444444444,4.90625,4.8125,4.75,4.75,-0.5800000000000054,0.23000000000000043,-1.4100000000000001,,100.0,6563
1761127562.206456,2025-10-22T11:06:02.206456,103.34269039953736,-0.6000000000000001,1.7000000000000002,0.510501135140629,0.6467013888888888,2.4375,2.46875,2.40625,2.25,0.030000000000001137,0.08999999999999986,-1.3499999999999996,,100.0,6615
